objectid,ogcfid,cislo_lokality,nazev,aktivni,adresa,katastralni_uzemi,mestska_cast,rozloha,puvodni_ucel,podrobnejsi_upd,pv_pozemku_cron,pv_budov_cron,stav_revitalizace,kontaminace_lokality,pamatkove_zony,ochranna_pasma_pz,ochranna_pasma_kp,mestska_poloha,zaplavove_uzemi,skladky,pamatny_strom,natura_2000,v_chranene_uzemi,m_chranene_uzemi,dostupnost_pk,dostupnost_zz,vzd_letiste,dostupnost_mhd,dostupnost_ds,vod_sit,kan_des,kan_spl,el_sil,el_sla,plynovod,kabelovody,ver_osv,lokalita_ss,lokalita_r,exekuce,zastavni_pravo,predkupni_pravo,last_date,datum_exportu,shape_Length,shape_Area
801,3,3402,Území mezi ulicemi Cejl a Jana Svobody,Ano,ul. Jana Svobody,Zábrdovice,Brno-sever,1.11,Průmyslová výroba,"Územní plán města Brna; URBANISMUS, ARCHITEKTURA, DESIGN STUDIO (11/1994)",5,,,Ne,Ne,Ano,Ne,B - Vnější centrum,Ano,Ne,Ne,Ne,Ne,Ne,Ne,Ne,Ano,Ano,Ne,Ano,Ano,Ano,Ano,Ano,Ano,Ne,Ano,,,Ne,Ne,Ne,2018/08/29,2020/07/20,0.00605033972958405,1.37302616863342e-06
802,10,2705,Bývalá skládka Švédské šance,Ano,"ul. Tuřanka, Průmyslová",Slatina,Brno-Slatina,5.27,"Těžba surovin, likvidace odpadů","Územní plán města Brna; URBANISMUS, ARCHITEKTURA, DESIGN STUDIO (11/1994)",1,0,,Ne,Ne,Ne,Ne,C - Okrajová část,Ne,Ano,Ne,Ne,Ne,Ne,Ne,Ano,Ano,Ne,Ne,Ano,Ano,Ano,Ano,Ano,Ano,Ne,Ano,,,Ne,Ne,Ne,2019/11/12,2020/07/20,0.0105308592784102,6.49623350192429e-06
803,53,3005,Železniční vlečka při Štýřickém nábřeží,Ano,"Vodařská, Štýřické nábřeží",Štýřice,Brno-střed,0.82,Drážní plochy,"Územní plán města Brna; URBANISMUS, ARCHITEKTURA, DESIGN STUDIO (11/1994)",1,1,,Ne,Ne,Ano,Ne,B - Vnější centrum,Ano,Ne,Ne,Ne,Ne,Ne,Ne,Ne,Ano,Ne,Ne,Ano,Ano,Ano,Ano,Ano,Ano,Ne,Ano,,,Ne,Ne,Ne,2019/07/30,2020/07/20,0.00658296447627664,1.00792596559784e-06
804,55,4304,Areál BRIV,Ano,Tovární,Chrlice,Brno-Chrlice,2.59,Průmyslová výroba,"Územní plán města Brna; URBANISMUS, ARCHITEKTURA, DESIGN STUDIO (11/1994)",5,,,Ne,Ne,Ne,Ne,C - Okrajová část,Ne,Ne,Ne,Ne,Ne,Ne,Ne,Ne,Ano,Ne,Ne,Ne,Ne,Ne,Ano,Ne,Ano,Ne,Ne,,,Ano,Ano,Ano,2018/08/29,2020/07/20,0.00885266480184737,3.18808998729186e-06
805,65,0501,Bývalý areál Aeroklubu,Ne,Olomoucká 164,Černovice,Brno-Černovice,0.64,Vojenský prostor,"Územní plán města Brna; URBANISMUS, ARCHITEKTURA, DESIGN STUDIO (11/1994)",1,0,,Ne,Ne,Ne,Ne,B - Vnější centrum,Ne,Ne,Ne,Ne,Ne,Ne,Ano,Ne,Ano,Ne,Ne,Ano,Ano,Ano,Ano,Ano,Ano,Ne,Ano,,,Ne,Ano,Ano,2020/02/11,2020/07/20,0.00364623165527662,7.9144656850899e-07
806,82,3007,Bývalé dopravní středisko Vojtova,Ne,"Vojtova, Sobotkova",Štýřice,Brno-střed,1.13,Jiné - služby,"Územní plán města Brna; URBANISMUS, ARCHITEKTURA, DESIGN STUDIO (11/1994)",1,0,,Ne,Ne,Ano,Ne,B - Vnější centrum,Ne,Ne,Ne,Ne,Ne,Ne,Ne,Ne,Ano,Ne,Ne,Ano,Ne,Ano,Ano,Ano,Ano,Ne,Ano,,,Ne,Ne,Ne,2019/11/15,2020/07/20,0.00538779900484477,1.39429050248262e-06
807,93,0802,"Bývalý Centrokov, FINTREX",Ano,Kšírova,Horní Heršpice,Brno-jih,1.52,Jiné - nespecifikované,"Územní plán města Brna; URBANISMUS, ARCHITEKTURA, DESIGN STUDIO (11/1994)",2,,,Ano,Ne,Ano,Ne,B - Vnější centrum,Ano,Ano,Ne,Ne,Ne,Ne,Ne,Ano,Ano,Ne,Ne,Ano,Ne,Ano,Ano,Ne,Ano,Ne,Ne,,,Ne,Ano,Ne,2018/08/29,2020/07/20,0.00699129721539392,1.87354645077654e-06
808,102,3301,Areál na Kraví hoře,Ano,Rybkova ul.,Veveří,Brno-střed,6.01,Školské plochy,"Územní plán města Brna; URBANISMUS, ARCHITEKTURA, DESIGN STUDIO (11/1994)ÚPZ Kraví hora; Ing.arch. Balabánová Pavla, CSc. (01/1997)\\r\\n",2,,,Ne,Ne,Ano,Ne,B - Vnější centrum,Ne,Ne,Ne,Ne,Ne,Ne,Ne,Ne,Ano,Ne,Ne,Ano,Ano,Ano,Ano,Ano,Ano,Ne,Ano,,,Ne,Ne,Ano,2018/08/29,2020/07/20,0.01722425920364,7.41504773187407e-06
809,111,4103,Bývalá cihelna při ul. Rušná,Ano,Rušná,Bosonohy,Brno-Bosonohy,1.44,"Těžba surovin, likvidace odpadů","Územní plán města Brna; URBANISMUS, ARCHITEKTURA, DESIGN STUDIO (11/1994)",2,,,Ne,Ne,Ne,Ne,C - Okrajová část,Ne,Ano,Ne,Ne,Ne,Ne,Ne,Ne,Ne,Ne,Ne,Ano,Ano,Ne,Ano,Ne,Ano,Ne,Ano,,,Ne,Ne,Ne,2018/08/29,2020/07/20,0.00603972024321708,1.78138154370334e-06
810,122,1704,Bývalé Středomoravské dřevařské závody,Ano,Holzova 2,Líšeň,Brno-Líšeň,0.71,Průmyslová výroba,"Územní plán města Brna; URBANISMUS, ARCHITEKTURA, DESIGN STUDIO (11/1994)",1,,,Ne,Ne,Ne,Ne,C - Okrajová část,Ne,Ne,Ne,Ne,Ne,Ne,Ne,Ne,Ano,Ano,Ne,Ano,Ano,Ano,Ano,Ano,Ano,Ne,Ano,,,Ne,Ano,Ne,2018/08/29,2020/07/20,0.00437344364330274,8.77284381630172e-07
811,133,3811,Areál 1 při ulici Sportovní,Ano,"Rybníček, Sportovní, Střední",Ponava,Brno-Královo Pole,0.37,Jiné - nespecifikované,"Územní plán města Brna; URBANISMUS, ARCHITEKTURA, DESIGN STUDIO (11/1994)",1,,,Ne,Ne,Ano,Ne,B - Vnější centrum,Ne,Ne,Ne,Ne,Ne,Ne,Ne,Ne,Ano,Ano,Ne,Ano,Ano,Ano,Ano,Ano,Ano,Ne,Ano,,,Ne,Ne,Ne,2019/05/07,2020/07/20,0.00323890101105055,4.62493337369715e-07
812,1,2704,Bývalá slévárna Roučka,Ano,Tuřanka 115,Slatina,Brno-Slatina,6.4,Průmyslová výroba,"Územní plán města Brna; URBANISMUS, ARCHITEKTURA, DESIGN STUDIO (11/1994)",4,0,,Ne,Ne,Ne,Ne,B - Vnější centrum,Ne,Ne,Ne,Ne,Ne,Ne,Ano,Ano,Ano,Ano,Ano,Ano,Ano,Ano,Ano,Ano,Ano,Ne,Ano,,,Ano,Ano,Ne,2019/11/13,2020/07/20,0.0132385603751982,7.89386779160709e-06
813,2,3604,Bývalá židenická kasárna,Ano,Svatoplukova 84,Židenice,Brno-Židenice,2.52,Vojenský prostor,"Územní plán města Brna; URBANISMUS, ARCHITEKTURA, DESIGN STUDIO (11/1994)",2,0,,Ne,Ne,Ne,Ne,B - Vnější centrum,Ne,Ne,Ne,Ne,Ne,Ne,Ano,Ne,Ano,Ano,Ne,Ano,Ano,Ano,Ano,Ano,Ano,Ne,Ano,,,Ne,Ne,Ne,2019/11/11,2020/07/20,0.00898099760816929,3.11431223990277e-06
814,4,1904,Areál bývalého autovrakoviště,Ano,Borky,Maloměřice,Brno-Maloměřice a Obřany,2.73,Lehký průmysl,"Územní plán města Brna; URBANISMUS, ARCHITEKTURA, DESIGN STUDIO (11/1994)",4,,,Ne,Ne,Ne,Ne,C - Okrajová část,Ne,Ne,Ne,Ne,Ne,Ne,Ne,Ne,Ano,Ne,Ne,Ano,Ano,Ano,Ano,Ano,Ano,Ne,Ano,,,Ne,Ano,Ne,2018/09/11,2020/07/20,0.00777227440894329,3.36820098217973e-06
815,5,1911,Seřazovací nádraží v Maloměřicích,Ano,"Kulkova, Hády",Maloměřice,Brno-Maloměřice a Obřany,0.81,Drážní plochy,"Územní plán města Brna; URBANISMUS, ARCHITEKTURA, DESIGN STUDIO (11/1994)",1,,,Ne,Ne,Ne,Ne,C - Okrajová část,Ne,Ne,Ne,Ne,Ne,Ne,Ne,Ne,Ano,Ne,Ne,Ano,Ne,Ne,Ano,Ano,Ano,Ne,Ano,,,Ne,Ne,Ano,2018/09/11,2020/07/20,0.00579782523753251,1.00579584532525e-06
816,6,0816,Bývalé garáže,Ano,"Pražákova, D1",Horní Heršpice,Brno-jih,1.9,Jiné - nespecifikované,"Územní plán města Brna; URBANISMUS, ARCHITEKTURA, DESIGN STUDIO (11/1994)",1,,,Ne,Ne,Ne,Ne,B - Vnější centrum,Ano,Ano,Ne,Ne,Ne,Ne,Ano,Ano,Ano,Ne,Ano,Ano,Ne,Ne,Ano,Ano,Ano,Ne,Ne,,,Ne,Ne,Ano,2018/09/11,2020/07/20,0.00901932558673591,2.33828915930683e-06
817,7,0813,Část areálu Uchytil s.r.o.,Ano,K Terminálu,Horní Heršpice,Brno-jih,1.1,Lehký průmysl,"Územní plán města Brna; URBANISMUS, ARCHITEKTURA, DESIGN STUDIO (11/1994)",1,,,Ne,Ne,Ne,Ne,B - Vnější centrum,Ne,Ne,Ne,Ne,Ne,Ne,Ne,Ano,Ano,Ano,Ano,Ano,Ano,Ano,Ano,Ano,Ano,Ne,Ano,,,Ne,Ano,Ne,2018/09/11,2020/07/20,0.00570090466571238,1.35824855352307e-06
818,8,1303,Území při Železniční a nákladovém nádraží,Ano,Železniční,Komárov,Brno-jih,2.2,Průmyslová výroba,"Územní plán města Brna; URBANISMUS, ARCHITEKTURA, DESIGN STUDIO (11/1994)",7,,,Ne,Ne,Ano,Ne,B - Vnější centrum,Ano,Ne,Ne,Ne,Ne,Ne,Ne,Ano,Ano,Ne,Ne,Ano,Ne,Ano,Ano,Ano,Ano,Ne,Ano,,,Ne,Ano,Ano,2018/08/29,2020/07/20,0.00803753477377234,2.71819509458153e-06
819,9,0102,Bývalá zahradnická škola,Ano,Lány,Bohunice,Brno-Bohunice,4.93,Školské plochy,"Územní plán města Brna; URBANISMUS, ARCHITEKTURA, DESIGN STUDIO (11/1994)",2,,,Ne,Ne,Ne,Ne,C - Okrajová část,Ne,Ne,Ne,Ne,Ne,Ne,Ne,Ne,Ano,Ne,Ano,Ano,Ano,Ano,Ano,Ano,Ano,Ne,Ano,,,Ne,Ne,Ne,2018/08/29,2020/07/20,0.0131188370386208,6.08022499570797e-06
820,11,1304,Zdevastované území u nákladového nádraží,Ano,"U Vlečky, Hradlová",Komárov,Brno-jih,1.26,Drážní plochy,"Územní plán města Brna; URBANISMUS, ARCHITEKTURA, DESIGN STUDIO (11/1994)",4,,,Ne,Ne,Ano,Ne,B - Vnější centrum,Ano,Ne,Ne,Ne,Ne,Ne,Ne,Ano,Ano,Ne,Ne,Ano,Ne,Ano,Ano,Ano,Ano,Ne,Ano,,,Ne,Ne,Ne,2018/08/29,2020/07/20,0.00585424711174599,1.55132750122278e-06
821,12,3008,Areál při ul. Strážní,Ano,Strážní 5,Štýřice,Brno-střed,0.82,Lehký průmysl,"Územní plán města Brna; URBANISMUS, ARCHITEKTURA, DESIGN STUDIO (11/1994)",1,,,Ne,Ne,Ano,Ne,B - Vnější centrum,Ne,Ne,Ne,Ne,Ne,Ne,Ne,Ne,Ano,Ne,Ne,Ano,Ano,Ano,Ano,Ano,Ano,Ne,Ano,,,Ne,Ne,Ne,2018/08/29,2020/07/20,0.00411200148656125,1.0115721379891e-06
822,13,1305,Areál SBK s.r.o.,Ano,Svatopetrská 20-22,Komárov,Brno-jih,1.41,Jiné - služby,"Územní plán města Brna; URBANISMUS, ARCHITEKTURA, DESIGN STUDIO (11/1994)",3,,,Ne,Ne,Ano,Ne,B - Vnější centrum,Ano,Ne,Ne,Ne,Ne,Ne,Ano,Ne,Ano,Ano,Ne,Ano,Ano,Ano,Ano,Ano,Ano,Ne,Ano,,,Ne,Ano,Ne,2018/08/29,2020/07/20,0.00531923214648864,1.73750160206954e-06
823,14,1302,Území vymezené ulicí Dornych a říčkou Ponávkou,Ne,Dornych,Komárov,Brno-jih,0.79,Průmyslová výroba,"Územní plán města Brna; URBANISMUS, ARCHITEKTURA, DESIGN STUDIO (11/1994)",3,0,,Ne,Ne,Ano,Ne,B - Vnější centrum,Ano,Ne,Ne,Ne,Ne,Ne,Ano,Ne,Ano,Ano,Ne,Ano,Ano,Ano,Ano,Ano,Ano,Ne,Ano,,,Ne,Ne,Ne,2019/11/15,2020/07/20,0.00510048387614519,9.71010591090381e-07
824,15,0811,Bývalý Elplast,Ano,Sokolova 59,Horní Heršpice,Brno-jih,0.81,Průmyslová výroba,"Územní plán města Brna; URBANISMUS, ARCHITEKTURA, DESIGN STUDIO (11/1994)",3,,,Ne,Ne,Ne,Ne,B - Vnější centrum,Ne,Ne,Ne,Ne,Ne,Ne,Ne,Ano,Ano,Ano,Ne,Ano,Ano,Ano,Ano,Ano,Ano,Ne,Ano,,,Ne,Ne,Ne,2018/08/29,2020/07/20,0.00472831095320766,1.00295682282216e-06
825,16,4301,Areál ZD Bobrava,Ano,U jezu 1,Chrlice,Brno-Chrlice,3.95,Zemědělská výroba,"Územní plán města Brna; URBANISMUS, ARCHITEKTURA, DESIGN STUDIO (11/1994)",3,,,Ne,Ne,Ne,Ne,C - Okrajová část,Ano,Ne,Ne,Ne,Ne,Ne,Ne,Ne,Ano,Ano,Ne,Ne,Ne,Ne,Ano,Ne,Ne,Ne,Ne,,,Ne,Ne,Ne,2018/08/29,2020/07/20,0.0125381193470856,4.86511205368961e-06
826,17,0817,Areál bývalého Pozemstavu,Ano,Pražákova 625,Horní Heršpice,Brno-jih,2.67,Lehký průmysl,"Územní plán města Brna; URBANISMUS, ARCHITEKTURA, DESIGN STUDIO (11/1994)",5,,,Ne,Ne,Ne,Ne,B - Vnější centrum,Ne,Ne,Ne,Ne,Ne,Ne,Ne,Ano,Ano,Ne,Ano,Ano,Ne,Ano,Ano,Ano,Ano,Ne,Ano,,,Ne,Ano,Ne,2018/08/29,2020/07/20,0.0124924912619654,3.29013838793822e-06
827,18,0206,Bývalý zámeček,Ano,Saidova 5,Brněnské Ivanovice,Brno-Tuřany,3.49,Lehký průmysl,"Územní plán města Brna; URBANISMUS, ARCHITEKTURA, DESIGN STUDIO (11/1994)",1,,,Ne,Ano,Ne,Ne,C - Okrajová část,Ne,Ne,Ne,Ne,Ne,Ne,Ne,Ne,Ano,Ne,Ne,Ano,Ano,Ano,Ano,Ano,Ano,Ne,Ano,,,Ne,Ne,Ne,2018/08/29,2020/07/20,0.00832004077846818,4.30009720246264e-06
828,19,0602,"Území při ulici Vídeňská, sousedící s firmou ABB",Ne,K Železnici,Dolní Heršpice,Brno-jih,0.82,Lehký průmysl,"Územní plán města Brna; URBANISMUS, ARCHITEKTURA, DESIGN STUDIO (11/1994)",2,0,,Ne,Ne,Ne,Ne,C - Okrajová část,Ne,Ne,Ne,Ne,Ne,Ne,Ne,Ne,Ano,Ne,Ano,Ano,Ano,Ano,Ano,Ano,Ano,Ne,Ne,,,Ne,Ne,Ne,2019/11/15,2020/07/20,0.00558611787220648,1.01403696922966e-06
829,20,0604,Území bývalého Autodasu při ulici Vomáčkova,Ne,Vomáčkova,Dolní Heršpice,Brno-jih,0.52,Zemědělská výroba,"Územní plán města Brna; URBANISMUS, ARCHITEKTURA, DESIGN STUDIO (11/1994)",67,0,,Ne,Ne,Ne,Ne,C - Okrajová část,Ano,Ne,Ne,Ne,Ne,Ne,Ano,Ne,Ano,Ne,Ano,Ano,Ano,Ne,Ano,Ano,Ano,Ne,Ano,,,Ne,Ano,Ne,2020/02/11,2020/07/20,0.004180332343507,6.42272369721675e-07
830,21,0203,Areál bývalých Inženýrských staveb,Ne,Jahodová 56,Brněnské Ivanovice,Brno-Tuřany,2.63,Lehký průmysl,"Územní plán města Brna; URBANISMUS, ARCHITEKTURA, DESIGN STUDIO (11/1994)",3,0,,Ne,Ne,Ne,Ne,C - Okrajová část,Ne,Ano,Ne,Ne,Ne,Ne,Ne,Ne,Ano,Ne,Ne,Ne,Ano,Ne,Ano,Ne,Ano,Ne,Ne,,,Ne,Ano,Ne,2019/11/15,2020/07/20,0.00824014092203439,3.23930789913984e-06
831,22,1909,Bývalý areál zkušebny zemních strojů,Ano,Pod Hády,Maloměřice,Brno-Maloměřice a Obřany,2.8,Lehký průmysl,"Územní plán města Brna; URBANISMUS, ARCHITEKTURA, DESIGN STUDIO (11/1994)",4,,,Ne,Ne,Ne,Ne,C - Okrajová část,Ne,Ano,Ne,Ne,Ne,Ne,Ne,Ne,Ano,Ano,Ne,Ano,Ano,Ano,Ano,Ano,Ano,Ne,Ano,,,Ne,Ne,Ne,2018/08/29,2020/07/20,0.00988927921560147,3.45488844631039e-06
832,23,1910,Rozestavěný areál bývalé firmy ERGON,Ano,Pod Hády,Maloměřice,Brno-Maloměřice a Obřany,3.9,Průmyslová výroba,"Územní plán města Brna; URBANISMUS, ARCHITEKTURA, DESIGN STUDIO (11/1994)",3,,,Ne,Ne,Ne,Ne,C - Okrajová část,Ne,Ne,Ne,Ne,Ne,Ne,Ne,Ne,Ano,Ne,Ne,Ano,Ne,Ne,Ano,Ano,Ano,Ne,Ne,,,Ne,Ne,Ano,2018/08/29,2020/07/20,0.0114751268959209,4.81922487831157e-06
833,24,0201,Území vymezené ulicí Kaštanovou a řekou Svitavou,Ano,Kaštanová 131,Brněnské Ivanovice,Brno-Tuřany,1.32,Zemědělská výroba,"Územní plán města Brna; URBANISMUS, ARCHITEKTURA, DESIGN STUDIO (11/1994)RP Kaštanová ulice, Černovický hájek; URBANISMUS, ARCHITEKTURA, DESIGN - STUDIO, spol. s r. o. (12/1999)\\r\\n",1,,,Ne,Ne,Ne,Ne,C - Okrajová část,Ano,Ne,Ne,Ne,Ne,Ne,Ano,Ne,Ano,Ne,Ano,Ano,Ano,Ano,Ano,Ano,Ano,Ne,Ano,,,Ne,Ne,Ne,2018/08/29,2020/07/20,0.00585775830898226,1.63143769747328e-06
834,25,1201,Území s rozestavěným objektem,Ne,Libušina třída,Kohoutovice,Brno-Kohoutovice,1.17,Jiné - nespecifikované,"Územní plán města Brna; URBANISMUS, ARCHITEKTURA, DESIGN STUDIO (11/1994)",10,0,,Ne,Ne,Ne,Ne,C - Okrajová část,Ne,Ne,Ne,Ne,Ne,Ne,Ano,Ne,Ne,Ano,Ne,Ano,Ano,Ano,Ano,Ano,Ano,Ne,Ano,,,Ne,Ne,Ne,2019/11/15,2020/07/20,0.0056556390698283,1.43976680187222e-06
835,26,0506,Pozemky u podniku Nová Mosilana,Ano,Charbulova 148,Černovice,Brno-Černovice,2.76,Lehký průmysl,"Územní plán města Brna; URBANISMUS, ARCHITEKTURA, DESIGN STUDIO (11/1994)",3,,,Ne,Ne,Ano,Ne,B - Vnější centrum,Ne,Ne,Ne,Ne,Ne,Ne,Ne,Ne,Ano,Ne,Ne,Ano,Ano,Ano,Ano,Ano,Ano,Ne,Ano,,,Ne,Ne,Ne,2018/08/29,2020/07/20,0.00799712752130803,3.40726194140872e-06
836,27,0904,Bývalý TECHNOMAT,Ano,Cacovická 72,Husovice,Brno-sever,0.65,Průmyslová výroba,"Územní plán města Brna; URBANISMUS, ARCHITEKTURA, DESIGN STUDIO (11/1994)",3,,,Ne,Ne,Ne,Ne,C - Okrajová část,Ano,Ne,Ne,Ne,Ne,Ne,Ne,Ne,Ano,Ne,Ne,Ne,Ano,Ne,Ano,Ne,Ano,Ne,Ano,,,Ne,Ne,Ne,2018/08/29,2020/07/20,0.00455595043725488,8.03743219993633e-07
837,28,1903,Bývalá cementárna,Ano,Slaměníkova 23b,Maloměřice,Brno-Maloměřice a Obřany,9.37,Průmyslová výroba,"Územní plán města Brna; URBANISMUS, ARCHITEKTURA, DESIGN STUDIO (11/1994)",3,,,Ne,Ne,Ne,Ne,C - Okrajová část,Ne,Ne,Ne,Ne,Ne,Ne,Ne,Ne,Ano,Ne,Ne,Ano,Ne,Ano,Ano,Ano,Ano,Ne,Ano,,,Ne,Ne,Ne,2018/08/29,2020/07/20,0.0160976597498355,1.15744022483329e-05
838,29,0505,"Areál mezi ul. Olomoucká, Ostravská a železniční tratí",Ano,Olomoucká 1170,Černovice,Brno-Černovice,1.38,Lehký průmysl,"Územní plán města Brna; URBANISMUS, ARCHITEKTURA, DESIGN STUDIO (11/1994)",4,,,Ne,Ne,Ano,Ne,B - Vnější centrum,Ne,Ne,Ne,Ne,Ne,Ne,Ano,Ne,Ano,Ne,Ne,Ano,Ano,Ano,Ano,Ano,Ano,Ne,Ano,,,Ne,Ne,Ne,2018/08/29,2020/07/20,0.0111581812994846,1.69702514975944e-06
839,30,0101,Areál firmy Vašstav,Ano,Kamenice,Bohunice,Brno-Bohunice,0.71,Lehký průmysl,"Územní plán města Brna; URBANISMUS, ARCHITEKTURA, DESIGN STUDIO (11/1994)",3,,Neprovedená revitalizace,Ne,Ne,Ano,Ne,C - Okrajová část,Ne,Ne,Ne,Ne,Ne,Ne,Ne,Ne,Ano,Ne,Ne,Ano,Ano,Ano,Ano,Ano,Ano,Ne,Ano,,,Ne,Ne,Ne,2019/02/14,2020/07/20,0.00528640672624058,8.74699013346078e-07
840,31,0502,Letecká opravárenská základna Brno,Ano,"Průmyslová, Olomoucká",Černovice,Brno-Černovice,15.67,Vojenský prostor,"Územní plán města Brna; URBANISMUS, ARCHITEKTURA, DESIGN STUDIO (11/1994)",3,,,Ne,Ne,Ne,Ne,B - Vnější centrum,Ne,Ano,Ne,Ne,Ne,Ne,Ne,Ne,Ano,Ne,Ne,Ano,Ano,Ano,Ano,Ano,Ano,Ne,Ano,,,Ne,Ano,Ano,2018/08/29,2020/07/20,0.024860998537832,1.93238816024771e-05
841,32,0503,"Bývalé manipulační plochy, ul. Vinohradská",Ano,Vinohradská,Černovice,Brno-Černovice,4.3,Průmyslová výroba,"Územní plán města Brna; URBANISMUS, ARCHITEKTURA, DESIGN STUDIO (11/1994)",1,,,Ne,Ne,Ne,Ne,C - Okrajová část,Ne,Ano,Ne,Ne,Ne,Ne,Ne,Ne,Ano,Ano,Ne,Ano,Ano,Ne,Ano,Ano,Ano,Ne,Ne,,,Ne,Ne,Ne,2018/08/29,2020/07/20,0.0134398251300042,5.30362048284408e-06
842,33,1307,Bývalý mlýn,Ano,Schwaigrova,Komárov,Brno-jih,0.53,Průmyslová výroba,"Územní plán města Brna; URBANISMUS, ARCHITEKTURA, DESIGN STUDIO (11/1994)",2,,,Ne,Ne,Ano,Ne,B - Vnější centrum,Ano,Ne,Ano,Ne,Ne,Ne,Ano,Ne,Ano,Ano,Ne,Ano,Ano,Ano,Ano,Ano,Ano,Ne,Ano,,,Ne,Ne,Ano,2018/08/29,2020/07/20,0.0034736808675457,6.59404250072026e-07
843,34,0701,Areál v bývalé pískovně,Ano,"V Pískách, V dolině",Holásky,Brno-Tuřany,1.16,"Těžba surovin, likvidace odpadů","Územní plán města Brna; URBANISMUS, ARCHITEKTURA, DESIGN STUDIO (11/1994)",8,,,Ne,Ne,Ne,Ne,C - Okrajová část,Ne,Ano,Ne,Ne,Ne,Ne,Ne,Ne,Ano,Ano,Ne,Ano,Ne,Ne,Ano,Ano,Ano,Ne,Ano,,,Ne,Ne,Ne,2018/08/29,2020/07/20,0.0065732254696231,1.42902075392314e-06
844,35,0303,Nevyužívaná část autokempu Obora,Ano,Rakovecká,Bystrc,Brno-Bystrc,1.01,Jiné - služby,"Územní plán města Brna; URBANISMUS, ARCHITEKTURA, DESIGN STUDIO (11/1994)",3,,,Ne,Ne,Ne,Ne,C - Okrajová část,Ne,Ne,Ne,Ne,Ne,Ne,Ano,Ne,Ne,Ano,Ne,Ne,Ne,Ne,Ano,Ne,Ne,Ne,Ano,,,Ne,Ano,Ne,2018/08/29,2020/07/20,0.00742559075928464,1.24453931986776e-06
845,36,2401,Bývalý areál MZLU,Ano,Pisárecká 11,Pisárky,Brno-střed,4.47,Školské plochy,"Územní plán města Brna; URBANISMUS, ARCHITEKTURA, DESIGN STUDIO (11/1994)",1,,,Ne,Ne,Ano,Ne,C - Okrajová část,Ne,Ne,Ne,Ne,Ne,Ne,Ano,Ne,Ano,Ne,Ne,Ano,Ano,Ano,Ano,Ano,Ano,Ne,Ano,,,Ne,Ne,Ne,2018/08/29,2020/07/20,0.0102808372166805,5.52114230679106e-06
846,37,0901,"Bývalá MOSILANA, dnes OLLI elektro",Ne,Valchařská 36,Husovice,Brno-sever,1.65,Průmyslová výroba,"Územní plán města Brna; URBANISMUS, ARCHITEKTURA, DESIGN STUDIO (11/1994)",1,0,,Ne,Ne,Ne,Ne,C - Okrajová část,Ano,Ne,Ne,Ne,Ne,Ne,Ano,Ne,Ano,Ne,Ne,Ano,Ano,Ano,Ano,Ano,Ano,Ne,Ano,,,Ne,Ano,Ne,2019/11/15,2020/07/20,0.006834295453271,2.03961701711009e-06
847,38,0905,Areál kovovýroby,Ano,Cacovická 68,Husovice,Brno-sever,0.84,Jiné - nespecifikované,"Územní plán města Brna; URBANISMUS, ARCHITEKTURA, DESIGN STUDIO (11/1994)",2,,,Ne,Ne,Ne,Ne,C - Okrajová část,Ano,Ne,Ne,Ne,Ne,Ne,Ne,Ne,Ano,Ne,Ne,Ano,Ano,Ano,Ano,Ano,Ano,Ne,Ano,,,Ne,Ano,Ne,2018/08/29,2020/07/20,0.00551543389051487,1.04021777670975e-06
848,39,4302,Bývalé AGRO v Chrlicích,Ano,Rebešovická,Chrlice,Brno-Chrlice,1.81,Zemědělská výroba,"Územní plán města Brna; URBANISMUS, ARCHITEKTURA, DESIGN STUDIO (11/1994)",1,,,Ne,Ne,Ne,Ne,C - Okrajová část,Ne,Ne,Ne,Ne,Ne,Ne,Ne,Ano,Ano,Ano,Ne,Ano,Ne,Ano,Ano,Ano,Ano,Ne,Ano,,,Ne,Ano,Ne,2018/08/29,2020/07/20,0.00979273091688782,2.22457338205018e-06
849,40,4501,Areál bývalého pivovaru,Ano,"Blanenská 3, ul. Kleštínek",Jehnice,Brno-Jehnice,1.28,Průmyslová výroba,"Územní plán města Brna; URBANISMUS, ARCHITEKTURA, DESIGN STUDIO (11/1994)",3,,,Ne,Ne,Ne,Ne,C - Okrajová část,Ne,Ne,Ano,Ne,Ne,Ne,Ano,Ne,Ne,Ano,Ne,Ano,Ano,Ano,Ano,Ne,Ano,Ne,Ano,,,Ne,Ano,Ne,2018/08/29,2020/07/20,0.00768905244427171,1.58098317532338e-06
850,41,0702,Okolí bývalé pískovny,Ano,Písníky,Holásky,Brno-Tuřany,2.09,"Těžba surovin, likvidace odpadů","Územní plán města Brna; URBANISMUS, ARCHITEKTURA, DESIGN STUDIO (11/1994)",13,0,,Ne,Ne,Ne,Ne,C - Okrajová část,Ne,Ano,Ne,Ne,Ne,Ne,Ne,Ne,Ano,Ne,Ne,Ne,Ne,Ne,Ano,Ano,Ne,Ne,Ne,,,Ne,Ano,Ano,2019/07/30,2020/07/20,0.00970796733585707,2.58174831302199e-06
851,42,0703,Areál v ul. Písníky,Ano,Písníky,Holásky,Brno-Tuřany,0.68,"Těžba surovin, likvidace odpadů","Územní plán města Brna; URBANISMUS, ARCHITEKTURA, DESIGN STUDIO (11/1994)",9,,,Ne,Ne,Ne,Ne,C - Okrajová část,Ne,Ano,Ne,Ne,Ne,Ne,Ne,Ne,Ano,Ne,Ne,Ano,Ne,Ne,Ano,Ano,Ne,Ne,Ne,,,Ano,Ne,Ne,2018/08/29,2020/07/20,0.00556565338971069,8.34636524641906e-07
852,43,0605,Bývalé skleníky Agro,Ano,Pěstitelská,Dolní Heršpice,Brno-jih,3.53,Zemědělská výroba,"Územní plán města Brna; URBANISMUS, ARCHITEKTURA, DESIGN STUDIO (11/1994)",16,,,Ne,Ne,Ne,Ne,C - Okrajová část,Ano,Ne,Ne,Ne,Ne,Ne,Ne,Ne,Ano,Ne,Ano,Ano,Ano,Ano,Ano,Ne,Ano,Ne,Ano,,,Ne,Ano,Ne,2018/08/29,2020/07/20,0.00893806017745963,4.35471220635913e-06
853,44,2502,Bývalé skleníky v Přízřenících,Ano,Přízřenice,Přízřenice,Brno-jih,1.9,Zemědělská výroba,"Územní plán města Brna; URBANISMUS, ARCHITEKTURA, DESIGN STUDIO (11/1994)",1,,,Ne,Ne,Ne,Ne,C - Okrajová část,Ano,Ne,Ne,Ne,Ne,Ne,Ne,Ne,Ano,Ne,Ano,Ano,Ano,Ano,Ano,Ne,Ne,Ne,Ne,,,Ne,Ne,Ne,2018/08/29,2020/07/20,0.00690924547028354,2.33596372415918e-06
854,45,1912,Území při ulici Plíže,Ano,Plíže 15,Maloměřice,Brno-Maloměřice a Obřany,0.54,Jiné - nespecifikované,"Územní plán města Brna; URBANISMUS, ARCHITEKTURA, DESIGN STUDIO (11/1994)",3,,,Ne,Ne,Ne,Ne,C - Okrajová část,Ne,Ano,Ne,Ne,Ne,Ne,Ano,Ne,Ano,Ne,Ne,Ano,Ne,Ano,Ano,Ano,Ano,Ne,Ano,,,Ne,Ano,Ne,2018/08/29,2020/07/20,0.00384823752822643,6.64631816453765e-07
855,46,1102,Bývalý hotel Přehrada,Ano,Hrázní,Kníničky,Brno-Kníničky,1.19,Jiné - služby,"Územní plán města Brna; URBANISMUS, ARCHITEKTURA, DESIGN STUDIO (11/1994)",4,,Demolice,Ne,Ne,Ne,Ne,C - Okrajová část,Ne,Ne,Ne,Ne,Ne,Ne,Ne,Ne,Ne,Ne,Ne,Ano,Ne,Ne,Ano,Ne,Ano,Ne,Ano,Ne,Ne,Ne,Ne,Ne,2019/02/14,2020/07/20,0.00564903863590048,1.46871076417552e-06
856,47,2604,Bývalá cihelna v Řečkovicích,Ano,Podpěrova,Řečkovice,Brno-Řečkovice a Mokrá Hora,1.94,Průmyslová výroba,"Územní plán města Brna; URBANISMUS, ARCHITEKTURA, DESIGN STUDIO (11/1994)RP MČ Medlánky; Ing. arch. Fixel, Ing. arch. Pech - Atelier ERA (04/1998)\\r\\n",3,52,,Ne,Ne,Ne,Ne,C - Okrajová část,Ne,Ano,Ne,Ne,Ne,Ne,Ne,Ne,Ne,Ne,Ne,Ano,Ano,Ano,Ano,Ano,Ano,Ne,Ano,,,Ne,Ano,Ne,2019/07/30,2020/07/20,0.00799325131215883,2.40066035652195e-06
857,48,3602,Území při ulici Rokytova,Ano,Rokytova,Židenice,Brno-Židenice,3.3,"Těžba surovin, likvidace odpadů","Územní plán města Brna; URBANISMUS, ARCHITEKTURA, DESIGN STUDIO (11/1994)",12,,,Ne,Ne,Ne,Ne,B - Vnější centrum,Ne,Ano,Ne,Ne,Ne,Ne,Ano,Ne,Ano,Ano,Ne,Ano,Ano,Ano,Ano,Ano,Ano,Ne,Ano,,,Ano,Ano,Ne,2018/08/29,2020/07/20,0.0111666260868888,4.07490910935377e-06
858,49,2805,Území podél ulice Nové Sady - pod areálem Malá Amerika,Ano,Nové sady 1 - 45,Staré Brno,Brno-střed,8.07,Drážní plochy,"Územní plán města Brna; URBANISMUS, ARCHITEKTURA, DESIGN STUDIO (11/1994)",11,,,Ne,Ne,Ano,Ne,B - Vnější centrum,Ano,Ne,Ne,Ne,Ne,Ne,Ano,Ano,Ano,Ano,Ne,Ano,Ano,Ano,Ano,Ano,Ano,Ne,Ano,,,Ne,Ano,Ne,2018/08/29,2020/07/20,0.0185291230644224,9.95705666958378e-06
859,50,3502,"Bývalé učiliště, Bráfova ulice",Ano,Bráfova 16,Žabovřesky,Brno-Žabovřesky,0.85,Školské plochy,"Územní plán města Brna; URBANISMUS, ARCHITEKTURA, DESIGN STUDIO (11/1994)",1,0,Zahájení stavebních prací - výstavba,Ne,Ne,Ano,Ne,B - Vnější centrum,Ne,Ne,Ano,Ne,Ne,Ne,Ano,Ne,Ne,Ne,Ne,Ano,Ano,Ano,Ano,Ano,Ano,Ne,Ano,,,Ne,Ne,Ne,2020/02/11,2020/07/20,0.00533513527122114,1.05358541593049e-06
860,51,2305,Bývalá cihelna Obřany,Ano,Cihelní 3,Obřany,Brno-Maloměřice a Obřany,0.99,"Těžba surovin, likvidace odpadů","Územní plán města Brna; URBANISMUS, ARCHITEKTURA, DESIGN STUDIO (11/1994)",35,,,Ne,Ne,Ne,Ne,C - Okrajová část,Ne,Ano,Ne,Ne,Ne,Ne,Ano,Ne,Ano,Ne,Ne,Ano,Ne,Ano,Ano,Ano,Ano,Ne,Ano,,,Ne,Ne,Ano,2018/08/29,2020/07/20,0.00566672456562444,1.22037035037049e-06
861,52,0507,"Areál Českých energetických závodů, s.p. ""v likvidaci""",Ano,U Svitavy 3,Černovice,Brno-Černovice,5.56,Průmyslová výroba,"Územní plán města Brna; URBANISMUS, ARCHITEKTURA, DESIGN STUDIO (11/1994)",3,,,Ne,Ne,Ne,Ne,B - Vnější centrum,Ne,Ne,Ne,Ne,Ne,Ne,Ano,Ne,Ano,Ne,Ne,Ano,Ano,Ne,Ano,Ano,Ano,Ne,Ano,,,Ne,Ano,Ne,2018/08/29,2020/07/20,0.0121377616604673,6.85976935753565e-06
862,54,1309,Bývalé zahradnictví na ul. Hněvkovského,Ne,Hněvkovského 26,Komárov,Brno-jih,2.97,Zemědělská výroba,"Územní plán města Brna; URBANISMUS, ARCHITEKTURA, DESIGN STUDIO (11/1994)",1,0,,Ne,Ne,Ne,Ne,B - Vnější centrum,Ano,Ne,Ne,Ne,Ne,Ne,Ano,Ne,Ano,Ano,Ne,Ano,Ano,Ano,Ano,Ano,Ano,Ne,Ano,,,Ne,Ne,Ne,2019/11/15,2020/07/20,0.00934948437772189,3.6642506932457e-06
863,56,3106,Území podél ulice Mlýnská,Ano,ul. Mlýnská,Trnitá,Brno-střed,0.52,Průmyslová výroba,"Územní plán města Brna; URBANISMUS, ARCHITEKTURA, DESIGN STUDIO (11/1994)",4,,,Ne,Ne,Ano,Ne,B - Vnější centrum,Ano,Ne,Ne,Ne,Ne,Ne,Ne,Ano,Ano,Ne,Ne,Ano,Ano,Ano,Ano,Ano,Ano,Ne,Ano,,,Ano,Ano,Ne,2018/08/29,2020/07/20,0.00570739720054356,6.43770980421157e-07
864,57,0814,Bývalý Florimex při ulici Sokolova,Ano,Sokolova,Horní Heršpice,Brno-jih,8.83,Zemědělská výroba,"Územní plán města Brna; URBANISMUS, ARCHITEKTURA, DESIGN STUDIO (11/1994)",19,8,,Ne,Ne,Ne,Ne,B - Vnější centrum,Ano,Ne,Ne,Ne,Ne,Ne,Ne,Ne,Ano,Ne,Ano,Ano,Ano,Ano,Ano,Ano,Ano,Ne,Ne,,,Ano,Ano,Ne,2019/07/30,2020/07/20,0.016120542862347,1.08944803952024e-05
865,58,3201,Areál AGRO Tuřany,Ano,Dvorecká 31,Tuřany,Brno-Tuřany,13.73,Zemědělská výroba,"Územní plán města Brna; URBANISMUS, ARCHITEKTURA, DESIGN STUDIO (11/1994)",20,,,Ne,Ne,Ne,Ne,C - Okrajová část,Ne,Ne,Ne,Ne,Ne,Ne,Ano,Ne,Ano,Ano,Ne,Ano,Ano,Ano,Ano,Ano,Ano,Ne,Ano,,,Ne,Ano,Ano,2018/08/29,2020/07/20,0.0222580174894389,1.6921673127023e-05
866,59,2702,Bývalá kasárna Slatina,Ne,Řípská,Slatina,Brno-Slatina,8.49,Vojenský prostor,"Územní plán města Brna; URBANISMUS, ARCHITEKTURA, DESIGN STUDIO (11/1994)",529,0,Zahájení stavebních prací - výstavba,Ne,Ne,Ne,Ne,B - Vnější centrum,Ne,Ne,Ne,Ne,Ne,Ne,Ano,Ne,Ano,Ano,Ne,Ano,Ano,Ano,Ano,Ano,Ano,Ne,Ano,,,Ano,Ano,Ne,2019/11/15,2020/07/20,0.0193809882036046,1.04669726446876e-05
867,60,0603,Území mezi železnicí při ulici Vídeňská,Ano,K Železnici,Dolní Heršpice,Brno-jih,1.13,Průmyslová výroba,"Územní plán města Brna; URBANISMUS, ARCHITEKTURA, DESIGN STUDIO (11/1994)",1,,,Ne,Ne,Ne,Ne,C - Okrajová část,Ne,Ne,Ne,Ne,Ne,Ne,Ne,Ne,Ano,Ne,Ano,Ano,Ne,Ano,Ano,Ano,Ne,Ne,Ne,,,Ne,Ne,Ne,2018/08/29,2020/07/20,0.00594166364524254,1.39900795010405e-06
868,61,3804,Území po asanaci zimního stadionu,Ano,Sportovní 2,Ponava,Brno-Královo Pole,1.25,Jiné - sport,"Územní plán města Brna; URBANISMUS, ARCHITEKTURA, DESIGN STUDIO (11/1994)",1,,,Ne,Ne,Ano,Ne,B - Vnější centrum,Ne,Ne,Ne,Ne,Ne,Ne,Ne,Ne,Ano,Ano,Ne,Ano,Ano,Ano,Ano,Ano,Ano,Ne,Ano,,,Ne,Ne,Ne,2018/08/29,2020/07/20,0.00622774904194391,1.54661991609454e-06
869,62,1402,Bývalý lom v Komíně,Ano,Bystrcká 34,Komín,Brno-Komín,1.54,"Těžba surovin, likvidace odpadů","Územní plán města Brna; URBANISMUS, ARCHITEKTURA, DESIGN STUDIO (11/1994)",2,,,Ne,Ne,Ne,Ne,C - Okrajová část,Ano,Ano,Ne,Ne,Ne,Ne,Ano,Ne,Ne,Ano,Ne,Ano,Ano,Ne,Ano,Ano,Ne,Ne,Ano,,,Ne,Ano,Ne,2018/08/29,2020/07/20,0.0063639216838535,1.90055781930411e-06
870,63,3003,Bývalá Kohnova cihelna,Ano,ul. Stráň,Štýřice,Brno-střed,9.45,"Těžba surovin, likvidace odpadů","Územní plán města Brna; URBANISMUS, ARCHITEKTURA, DESIGN STUDIO (11/1994)",10,,,Ne,Ne,Ano,Ne,B - Vnější centrum,Ne,Ano,Ne,Ne,Ne,Ne,Ne,Ne,Ano,Ne,Ne,Ano,Ano,Ano,Ano,Ano,Ano,Ne,Ano,,,Ano,Ano,Ne,2018/08/29,2020/07/20,0.0176578132752812,1.16565148060501e-05
871,64,3006,"Území u železnice, ulice Pražákova",Ano,Pražákova,Štýřice,Brno-střed,1.02,Drážní plochy,"Územní plán města Brna; URBANISMUS, ARCHITEKTURA, DESIGN STUDIO (11/1994)",7,,,Ano,Ne,Ano,Ne,B - Vnější centrum,Ne,Ne,Ne,Ne,Ne,Ne,Ne,Ano,Ano,Ne,Ne,Ano,Ano,Ano,Ano,Ano,Ano,Ne,Ne,,,Ne,Ano,Ne,2018/08/29,2020/07/20,0.00544323837786694,1.25207368223131e-06
872,66,1505,Garáže podél ulice Sportovní,Ano,"Chelčického, Sportovní",Královo Pole,Brno-Královo Pole,0.5,Jiné - nespecifikované,"Územní plán města Brna; URBANISMUS, ARCHITEKTURA, DESIGN STUDIO (11/1994)",1,,,Ne,Ne,Ano,Ne,B - Vnější centrum,Ne,Ne,Ne,Ne,Ne,Ne,Ano,Ne,Ano,Ne,Ne,Ano,Ano,Ano,Ano,Ano,Ano,Ne,Ano,,,Ne,Ano,Ne,2018/08/29,2020/07/20,0.00479726593134496,6.17208012566675e-07
873,68,0301,"Bývalý OD Letná, ul. Černého",Ano,Černého 2,Bystrc,Brno-Bystrc,0.54,Jiné - obchod,"Územní plán města Brna; URBANISMUS, ARCHITEKTURA, DESIGN STUDIO (11/1994)",1,,,Ne,Ne,Ne,Ne,C - Okrajová část,Ne,Ne,Ne,Ne,Ne,Ne,Ne,Ne,Ne,Ano,Ne,Ano,Ano,Ne,Ano,Ano,Ano,Ne,Ano,,,Ne,Ne,Ne,2018/08/29,2020/07/20,0.00392753650275657,6.66276261243004e-07
874,69,3405,Území mezi ul. Cejl a řekou Svitavou,Ano,Cejl 76,Zábrdovice,Brno-sever,1.47,Lehký průmysl,"Územní plán města Brna; URBANISMUS, ARCHITEKTURA, DESIGN STUDIO (11/1994)",3,,,Ne,Ne,Ano,Ne,B - Vnější centrum,Ano,Ne,Ne,Ne,Ne,Ne,Ne,Ne,Ano,Ano,Ne,Ano,Ano,Ano,Ano,Ano,Ano,Ne,Ano,,,Ne,Ano,Ne,2018/08/29,2020/07/20,0.00588218451918072,1.80839241283085e-06
875,70,0903,Bývalá sladovna Briess,Ano,Dukelská třída 103,Husovice,Brno-sever,1.82,Průmyslová výroba,"Územní plán města Brna; URBANISMUS, ARCHITEKTURA, DESIGN STUDIO (11/1994)",9,,,Ne,Ne,Ano,Ne,B - Vnější centrum,Ano,Ne,Ne,Ne,Ne,Ne,Ne,Ne,Ano,Ne,Ne,Ano,Ano,Ano,Ano,Ano,Ano,Ne,Ano,,,Ne,Ano,Ne,2018/08/29,2020/07/20,0.00993261353902137,2.24193114113488e-06
876,71,3001,Nedokončená stavba polikliniky,Ano,Štýřické nábřeží,Štýřice,Brno-střed,2.16,Jiné - služby,"Územní plán města Brna; URBANISMUS, ARCHITEKTURA, DESIGN STUDIO (11/1994)",2,,,Ne,Ne,Ano,Ne,B - Vnější centrum,Ano,Ne,Ne,Ne,Ne,Ne,Ne,Ano,Ano,Ne,Ne,Ano,Ano,Ano,Ano,Ano,Ano,Ne,Ano,,,Ne,Ne,Ne,2018/08/29,2020/07/20,0.00728092641869955,2.66357171256312e-06
877,72,3809,"Bývalý Tusculum a.s., U Červeného Mlýna",Ne,U Červeného Mlýna 2,Ponava,Brno-Královo Pole,0.82,Lehký průmysl,"Územní plán města Brna; URBANISMUS, ARCHITEKTURA, DESIGN STUDIO (11/1994)",76,0,,Ne,Ne,Ano,Ne,B - Vnější centrum,Ne,Ne,Ne,Ne,Ne,Ne,Ne,Ne,Ano,Ano,Ne,Ano,Ano,Ano,Ano,Ano,Ano,Ne,Ano,,,Ne,Ano,Ne,2019/11/15,2020/07/20,0.00504925242048392,1.0155486338926e-06
878,73,3805,Bývalý areál ABB EJF Cimburkova ul.,Ano,"Reissigova, Cimburkova",Ponava,Brno-Královo Pole,5.27,Průmyslová výroba,"Územní plán města Brna; URBANISMUS, ARCHITEKTURA, DESIGN STUDIO (11/1994)",2,0,Zahájení stavebních prací - výstavba,Ne,Ne,Ano,Ne,B - Vnější centrum,Ne,Ne,Ne,Ne,Ne,Ne,Ano,Ne,Ano,Ano,Ne,Ano,Ano,Ano,Ano,Ano,Ano,Ne,Ano,Ne,Ne,Ne,Ano,Ne,2020/02/13,2020/07/20,0.0121725085122042,6.50971555595696e-06
879,74,3812,"Bývalý areál Lachema, Poděbradova",Ano,Poděbradova 95,Ponava,Brno-Královo Pole,0.69,Lehký průmysl,"Územní plán města Brna; URBANISMUS, ARCHITEKTURA, DESIGN STUDIO (11/1994)",4,5,,Ne,Ne,Ano,Ne,B - Vnější centrum,Ne,Ne,Ne,Ne,Ne,Ne,Ne,Ne,Ano,Ne,Ne,Ano,Ano,Ano,Ano,Ano,Ano,Ne,Ano,,,Ne,Ano,Ne,2019/07/30,2020/07/20,0.00568656248069297,8.5483546480427e-07
880,75,0902,Zetor Husovice,Ano,Gargulákova 34,Husovice,Brno-sever,5.19,Průmyslová výroba,"Územní plán města Brna; URBANISMUS, ARCHITEKTURA, DESIGN STUDIO (11/1994)",3,,,Ne,Ne,Ano,Ne,B - Vnější centrum,Ano,Ne,Ne,Ne,Ne,Ne,Ne,Ne,Ano,Ne,Ne,Ano,Ano,Ano,Ano,Ano,Ano,Ne,Ano,,,Ne,Ne,Ne,2018/08/29,2020/07/20,0.012539565782265,6.40745790931091e-06
881,76,2301,AGRO Obřany,Ano,Fryčajova 165,Obřany,Brno-Maloměřice a Obřany,2.89,Zemědělská výroba,"Územní plán města Brna; URBANISMUS, ARCHITEKTURA, DESIGN STUDIO (11/1994)",51,,,Ne,Ne,Ne,Ne,C - Okrajová část,Ne,Ne,Ne,Ne,Ne,Ne,Ano,Ne,Ano,Ne,Ne,Ano,Ano,Ano,Ano,Ano,Ano,Ne,Ano,,,Ne,Ano,Ne,2018/08/29,2020/07/20,0.00837026442672012,3.57013796859779e-06
882,77,2304,Bývalá textilní továrna v Obřanech,Ano,Mlýnské nábřeží 2,Obřany,Brno-Maloměřice a Obřany,1.24,Průmyslová výroba,"Územní plán města Brna; URBANISMUS, ARCHITEKTURA, DESIGN STUDIO (11/1994)",1,,,Ne,Ne,Ne,Ne,C - Okrajová část,Ano,Ne,Ne,Ne,Ne,Ne,Ano,Ne,Ano,Ano,Ne,Ano,Ano,Ano,Ano,Ano,Ano,Ne,Ano,,,Ne,Ne,Ne,2018/08/29,2020/07/20,0.00619791635908485,1.53437582831929e-06
883,78,2603,Areál při ulici Terezy Novákové,Ano,Terezy Novákové 32,Řečkovice,Brno-Řečkovice a Mokrá Hora,0.67,Jiné - nespecifikované,"Územní plán města Brna; URBANISMUS, ARCHITEKTURA, DESIGN STUDIO (11/1994)",2,,,Ne,Ne,Ne,Ne,C - Okrajová část,Ne,Ne,Ne,Ne,Ne,Ne,Ne,Ne,Ne,Ne,Ne,Ano,Ano,Ano,Ano,Ano,Ano,Ne,Ano,,,Ne,Ne,Ne,2018/08/29,2020/07/20,0.00428529794572955,8.29383463385152e-07
884,79,2102,Území u hlavního železničního nádraží,Ano,Benešova,Město Brno,Brno-střed,0.93,Drážní plochy,"Územní plán města Brna; URBANISMUS, ARCHITEKTURA, DESIGN STUDIO (11/1994)RP Městské památkové rezervace Brno ; IN AD, spol. s r.o. (06/1999)\\r\\n",1,0,,Ne,Ano,Ne,Ne,A - Centrální část,Ne,Ne,Ano,Ne,Ne,Ne,Ne,Ano,Ano,Ne,Ne,Ano,Ano,Ano,Ano,Ano,Ano,Ne,Ano,,,Ne,Ne,Ne,2019/07/30,2020/07/20,0.00410959653350984,1.1442824912818e-06
885,80,3407,Areál bývalé káznice,Ano,Bratislavská 68,Zábrdovice,Brno-sever,0.8,Jiné - administrativa,"Územní plán města Brna; URBANISMUS, ARCHITEKTURA, DESIGN STUDIO (11/1994)",1,,,Ne,Ne,Ano,Ne,B - Vnější centrum,Ne,Ne,Ne,Ne,Ne,Ne,Ne,Ne,Ano,Ne,Ne,Ano,Ano,Ano,Ano,Ano,Ano,Ne,Ano,,,Ne,Ne,Ne,2019/02/18,2020/07/20,0.00400724680110942,9.85160168547902e-07
886,81,3404,Bývalý Společenský klub v Zábrdovicích,Ano,Spolková,Zábrdovice,Brno-sever,0.67,Jiné - kultura,"Územní plán města Brna; URBANISMUS, ARCHITEKTURA, DESIGN STUDIO (11/1994)",3,,,Ne,Ne,Ano,Ne,B - Vnější centrum,Ne,Ne,Ne,Ne,Ne,Ne,Ne,Ne,Ano,Ne,Ne,Ano,Ne,Ano,Ano,Ano,Ano,Ne,Ano,,,Ne,Ano,Ne,2018/08/29,2020/07/20,0.00476680756925473,8.29787852096258e-07
887,83,3111,Bývalý bytový blok Plotní,Ano,"Plotní, Železniční",Trnitá,Brno-střed,0.83,Obytné plochy,"Územní plán města Brna; URBANISMUS, ARCHITEKTURA, DESIGN STUDIO (11/1994)",8,0,,Ne,Ne,Ano,Ne,B - Vnější centrum,Ano,Ne,Ne,Ne,Ne,Ne,Ne,Ano,Ano,Ne,Ne,Ano,Ne,Ano,Ano,Ano,Ano,Ne,Ano,,,Ne,Ano,Ne,2020/01/22,2020/07/20,0.00434446323035528,1.01950821586215e-06
888,84,3113,Bývalá IMPORTFLORA s.r.o.,Ano,"Košťálova, Trnitá, Rosická",Trnitá,Brno-střed,2.49,Zemědělská výroba,"Územní plán města Brna; URBANISMUS, ARCHITEKTURA, DESIGN STUDIO (11/1994)",2,,,Ano,Ne,Ano,Ne,B - Vnější centrum,Ano,Ne,Ne,Ne,Ne,Ne,Ano,Ano,Ano,Ano,Ne,Ano,Ano,Ano,Ano,Ne,Ano,Ne,Ano,,,Ne,Ne,Ne,2018/08/29,2020/07/20,0.0086286406556524,3.07048390936597e-06
889,85,3116,Nevyužívané parkoviště u Zvonařky,Ano,"Opuštěná, Košťálová",Trnitá,Brno-střed,2.17,Jiné - nespecifikované,"Územní plán města Brna; URBANISMUS, ARCHITEKTURA, DESIGN STUDIO (11/1994)",3,,,Ano,Ne,Ano,Ne,B - Vnější centrum,Ano,Ne,Ne,Ne,Ne,Ne,Ano,Ano,Ano,Ano,Ne,Ano,Ano,Ano,Ano,Ano,Ano,Ne,Ano,,,Ne,Ne,Ne,2018/08/29,2020/07/20,0.00784234639282544,2.67889642088853e-06
890,86,3109,Areál bývalého FSIK METAL,Ano,"ul. Dornych, Plotní",Trnitá,Brno-střed,1.65,Průmyslová výroba,"Územní plán města Brna; URBANISMUS, ARCHITEKTURA, DESIGN STUDIO (11/1994)",2,2,,Ne,Ne,Ano,Ne,B - Vnější centrum,Ano,Ne,Ne,Ne,Ne,Ne,Ano,Ano,Ano,Ano,Ne,Ano,Ano,Ano,Ano,Ano,Ano,Ne,Ano,,,Ne,Ne,Ne,2019/07/30,2020/07/20,0.0071104693553054,2.04158305980816e-06
891,87,3701,Areál bývalého autoparku při ul. Lerchova,Ano,Lerchova 62,Stránice,Brno-střed,0.56,Vojenský prostor,"Územní plán města Brna; URBANISMUS, ARCHITEKTURA, DESIGN STUDIO (11/1994)",2,,,Ne,Ne,Ano,Ne,B - Vnější centrum,Ne,Ne,Ne,Ne,Ne,Ne,Ne,Ne,Ano,Ano,Ne,Ano,Ano,Ano,Ano,Ano,Ano,Ne,Ano,,,Ne,Ne,Ne,2018/08/29,2020/07/20,0.00362114397209225,6.9118570422447e-07
892,88,3105,Bývalá Vlněna,Ne,"ul. Dornych, Přízová, Mlýnská",Trnitá,Brno-střed,4.67,Průmyslová výroba,"Územní plán města Brna; URBANISMUS, ARCHITEKTURA, DESIGN STUDIO (11/1994)",2,0,Zahájení stavebních prací - výstavba,Ne,Ne,Ano,Ne,B - Vnější centrum,Ano,Ne,Ne,Ne,Ne,Ne,Ano,Ano,Ano,Ano,Ne,Ano,Ano,Ano,Ano,Ano,Ano,Ne,Ano,,,Ne,Ano,Ne,2019/11/15,2020/07/20,0.0109016160115008,5.76227746011869e-06
893,89,3114,Území u Zvonařky,Ne,"Dornych, Plotní",Trnitá,Brno-střed,0.55,Jiné - služby,"Územní plán města Brna; URBANISMUS, ARCHITEKTURA, DESIGN STUDIO (11/1994)",3,0,,Ne,Ne,Ano,Ne,B - Vnější centrum,Ano,Ne,Ne,Ne,Ne,Ne,Ano,Ano,Ano,Ne,Ne,Ano,Ano,Ano,Ano,Ano,Ano,Ne,Ano,,,Ne,Ne,Ano,2019/11/15,2020/07/20,0.00358918427597073,6.82515695915077e-07
894,90,3115,Areál bývalých Technických služeb Brno,Ano,Vlhká,Trnitá,Brno-střed,0.7,Jiné - nespecifikované,"Územní plán města Brna; URBANISMUS, ARCHITEKTURA, DESIGN STUDIO (11/1994)RP Cejl - Křenová; Kovoprojekta Brno a.s. (03/1999)\\r\\n",3,,,Ne,Ne,Ano,Ne,B - Vnější centrum,Ne,Ne,Ne,Ne,Ne,Ne,Ne,Ano,Ano,Ne,Ne,Ano,Ano,Ano,Ano,Ano,Ano,Ne,Ano,,,Ne,Ne,Ne,2018/08/29,2020/07/20,0.00519665630753967,8.66152299267097e-07
895,91,0801,"Skládka Českých drah, u ul. Bidláky",Ano,Bidláky,Horní Heršpice,Brno-jih,9.42,Jiné - nespecifikované,"Územní plán města Brna; URBANISMUS, ARCHITEKTURA, DESIGN STUDIO (11/1994)",16,0,,Ne,Ne,Ano,Ne,B - Vnější centrum,Ne,Ano,Ne,Ne,Ne,Ne,Ne,Ano,Ano,Ne,Ne,Ano,Ano,Ano,Ano,Ano,Ano,Ne,Ne,,,Ne,Ne,Ne,2019/07/30,2020/07/20,0.0169725140546029,1.16182927624198e-05
896,92,3002,Bývalé zahrádky vymezené kolejištěm,Ano,Bidláky,Štýřice,Brno-střed,2.42,Jiné - nespecifikované,"Územní plán města Brna; URBANISMUS, ARCHITEKTURA, DESIGN STUDIO (11/1994)",1,,,Ne,Ne,Ano,Ne,B - Vnější centrum,Ne,Ne,Ne,Ne,Ne,Ne,Ne,Ne,Ano,Ne,Ne,Ne,Ne,Ne,Ne,Ne,Ne,Ne,Ne,,,Ne,Ne,Ne,2018/08/29,2020/07/20,0.00758746157522016,2.98812135788003e-06
897,94,2802,Areál při ulici Hybešova,Ano,Hybešova 46,Staré Brno,Brno-střed,1.04,Průmyslová výroba,"Územní plán města Brna; URBANISMUS, ARCHITEKTURA, DESIGN STUDIO (11/1994)",3,,,Ne,Ne,Ano,Ne,B - Vnější centrum,Ano,Ne,Ano,Ne,Ne,Ne,Ne,Ano,Ano,Ano,Ne,Ano,Ano,Ano,Ano,Ano,Ano,Ne,Ano,,,Ano,Ano,Ne,2018/08/29,2020/07/20,0.00655194452141115,1.28750520327392e-06
898,95,1301,Slévárna UXA,Ano,Plotní 45,Komárov,Brno-jih,2.14,Průmyslová výroba,"Územní plán města Brna; URBANISMUS, ARCHITEKTURA, DESIGN STUDIO (11/1994)",2,1,,Ne,Ne,Ano,Ne,B - Vnější centrum,Ano,Ne,Ne,Ne,Ne,Ne,Ano,Ano,Ano,Ano,Ne,Ano,Ano,Ano,Ano,Ano,Ano,Ne,Ano,,,Ne,Ne,Ne,2019/07/30,2020/07/20,0.0105547755416286,2.64159083342971e-06
899,96,3104,Bývalý hotel Metropol,Ano,ul. Dornych,Trnitá,Brno-střed,0.54,Jiné - služby,"Územní plán města Brna; URBANISMUS, ARCHITEKTURA, DESIGN STUDIO (11/1994)",2,,,Ne,Ne,Ano,Ne,B - Vnější centrum,Ano,Ne,Ne,Ne,Ne,Ne,Ne,Ano,Ano,Ne,Ne,Ano,Ano,Ano,Ano,Ano,Ano,Ne,Ano,,,Ne,Ne,Ne,2018/08/29,2020/07/20,0.00423174566168054,6.64897954144977e-07
900,97,2801,Bývalý areál firmy KRAS,Ano,Veletržní 1,Staré Brno,Brno-střed,2.93,Průmyslová výroba,"Územní plán města Brna; URBANISMUS, ARCHITEKTURA, DESIGN STUDIO (11/1994)",7,,,Ne,Ne,Ano,Ne,B - Vnější centrum,Ano,Ne,Ne,Ne,Ne,Ne,Ano,Ne,Ano,Ano,Ne,Ano,Ano,Ano,Ano,Ano,Ano,Ne,Ano,,,Ano,Ano,Ne,2018/08/29,2020/07/20,0.0119150524560939,3.62033772482638e-06
901,98,3702,Areál VUT v ul. Údolní,Ano,Údolní 53,Stránice,Brno-střed,2.44,Školské plochy,"Územní plán města Brna; URBANISMUS, ARCHITEKTURA, DESIGN STUDIO (11/1994)RP Městské památkové rezervace Brno ; IN AD, spol. s r.o. (06/1999)\\r\\n",1,,,Ne,Ano,Ano,Ne,B - Vnější centrum,Ne,Ne,Ne,Ne,Ne,Ne,Ne,Ne,Ano,Ano,Ne,Ano,Ano,Ano,Ano,Ano,Ano,Ne,Ano,,,Ne,Ne,Ne,2019/02/07,2020/07/20,0.00927038880075227,3.00902141161306e-06
902,99,3803,Fotbalový stadion Lužánky,Ano,Sportovní,Ponava,Brno-Královo Pole,5.06,Jiné - sport,"Územní plán města Brna; URBANISMUS, ARCHITEKTURA, DESIGN STUDIO (11/1994)",1,,,Ne,Ne,Ano,Ne,B - Vnější centrum,Ne,Ne,Ne,Ne,Ne,Ne,Ne,Ne,Ano,Ne,Ne,Ano,Ne,Ano,Ano,Ano,Ano,Ne,Ne,,,Ne,Ne,Ne,2018/08/29,2020/07/20,0.0115545074314673,6.25053724318354e-06
903,100,3810,Staňkova - stavebniny,Ne,"Staňkova, Střední",Ponava,Brno-Královo Pole,1.52,Vojenský prostor,"Územní plán města Brna; URBANISMUS, ARCHITEKTURA, DESIGN STUDIO (11/1994)",11,0,,Ne,Ne,Ano,Ne,B - Vnější centrum,Ne,Ne,Ne,Ne,Ne,Ne,Ne,Ne,Ano,Ne,Ne,Ano,Ano,Ano,Ano,Ano,Ano,Ne,Ano,,,Ne,Ano,Ne,2019/11/15,2020/07/20,0.00650154600706992,1.87673293127839e-06
904,101,3501,Bývalé zemědělské družstvo a zahradnictví,Ano,Veslařská,Žabovřesky,Brno-Žabovřesky,13.71,Zemědělská výroba,"Územní plán města Brna; URBANISMUS, ARCHITEKTURA, DESIGN STUDIO (11/1994)",44,,,Ne,Ne,Ne,Ne,C - Okrajová část,Ano,Ne,Ne,Ne,Ne,Ne,Ano,Ne,Ne,Ano,Ne,Ano,Ano,Ano,Ano,Ano,Ano,Ne,Ano,,,Ne,Ano,Ano,2018/08/29,2020/07/20,0.0183583750943137,1.69230386284191e-05
905,103,3302,Bývalý vojenský areál - Veveří,Ano,Veveří 40,Veveří,Brno-střed,2.06,Vojenský prostor,"Územní plán města Brna; URBANISMUS, ARCHITEKTURA, DESIGN STUDIO (11/1994)",2,,,Ne,Ne,Ano,Ne,B - Vnější centrum,Ne,Ne,Ano,Ne,Ne,Ne,Ne,Ne,Ano,Ano,Ne,Ano,Ano,Ano,Ano,Ano,Ano,Ne,Ano,,,Ne,Ne,Ne,2018/08/29,2020/07/20,0.00710937984263146,2.54069691760437e-06
906,104,3303,Bývalá jídelna vojenské akademie,Ano,"Žižkova, Kraví hora",Veveří,Brno-střed,0.47,Jiné - služby,"Územní plán města Brna; URBANISMUS, ARCHITEKTURA, DESIGN STUDIO (11/1994)ÚPZ Kraví hora; Ing.arch. Balabánová Pavla, CSc. (01/1997)\\r\\n",2,0,,Ne,Ne,Ano,Ne,B - Vnější centrum,Ne,Ne,Ne,Ne,Ne,Ne,Ne,Ne,Ne,Ne,Ne,Ano,Ano,Ano,Ano,Ano,Ano,Ne,Ano,,,Ne,Ne,Ne,2019/07/16,2020/07/20,0.00310587842951806,5.81753292644441e-07
907,106,1902,Areál stavebnin,Ano,Obřanská 47a,Maloměřice,Brno-Maloměřice a Obřany,4.14,Průmyslová výroba,"Územní plán města Brna; URBANISMUS, ARCHITEKTURA, DESIGN STUDIO (11/1994)",101,0,Zahájení stavebních prací - výstavba,Ne,Ne,Ne,Ne,C - Okrajová část,Ne,Ne,Ano,Ne,Ne,Ne,Ano,Ne,Ano,Ano,Ne,Ano,Ano,Ano,Ano,Ano,Ano,Ne,Ano,,,Ano,Ano,Ne,2020/04/27,2020/07/20,0.0115599250126921,5.10634798840464e-06
908,107,1907,Areál bývalé železniční polikliniky,Ano,Jarní 50,Maloměřice,Brno-Maloměřice a Obřany,0.76,Jiné - služby,"Územní plán města Brna; URBANISMUS, ARCHITEKTURA, DESIGN STUDIO (11/1994)",4,,,Ne,Ne,Ne,Ne,C - Okrajová část,Ne,Ne,Ne,Ne,Ne,Ne,Ne,Ne,Ano,Ano,Ne,Ano,Ne,Ne,Ano,Ano,Ano,Ne,Ano,,,Ne,Ano,Ne,2018/08/29,2020/07/20,0.00490554840110874,9.41810605323479e-07
909,108,1906,Areál firmy VESP,Ano,ul. Hády,Maloměřice,Brno-Maloměřice a Obřany,1.19,Lehký průmysl,"Územní plán města Brna; URBANISMUS, ARCHITEKTURA, DESIGN STUDIO (11/1994)",13,,,Ne,Ne,Ne,Ne,C - Okrajová část,Ne,Ano,Ne,Ne,Ne,Ne,Ne,Ne,Ano,Ano,Ne,Ano,Ano,Ne,Ano,Ano,Ano,Ne,Ano,,,Ano,Ano,Ne,2018/08/29,2020/07/20,0.00598932400818694,1.4690817158634e-06
910,109,1901,Nevhodně využívaný areál při ul. Cacovice,Ano,Cacovice 2,Maloměřice,Brno-Maloměřice a Obřany,0.94,Průmyslová výroba,"Územní plán města Brna; URBANISMUS, ARCHITEKTURA, DESIGN STUDIO (11/1994)",2,,,Ne,Ne,Ne,Ne,C - Okrajová část,Ano,Ne,Ne,Ne,Ne,Ne,Ne,Ne,Ano,Ne,Ne,Ano,Ano,Ne,Ano,Ano,Ano,Ne,Ano,,,Ne,Ne,Ne,2018/08/29,2020/07/20,0.00563104020490704,1.16037897547434e-06
911,110,4101,Areál při křižovatce ul. Pražská -Chironova,Ano,Pražská 44,Bosonohy,Brno-Bosonohy,2.24,Jiné - sport,"Územní plán města Brna; URBANISMUS, ARCHITEKTURA, DESIGN STUDIO (11/1994)ÚPZ Kamenný vrch II - Nový Lískovec; ATELIER DoS Dokoupil a společník  (06/1996)\\r\\n",13,,,Ne,Ne,Ne,Ne,C - Okrajová část,Ne,Ne,Ne,Ne,Ne,Ne,Ano,Ne,Ne,Ano,Ano,Ano,Ano,Ne,Ano,Ano,Ne,Ne,Ne,,,Ne,Ne,Ne,2018/08/29,2020/07/20,0.0138024109734039,2.76529634714588e-06
912,112,4104,Bývalé zemědělské družstvo Bosonohy,Ano,Křivánky,Bosonohy,Brno-Bosonohy,1.32,Zemědělská výroba,"Územní plán města Brna; URBANISMUS, ARCHITEKTURA, DESIGN STUDIO (11/1994)",5,,,Ne,Ne,Ne,Ne,C - Okrajová část,Ne,Ne,Ne,Ne,Ne,Ne,Ne,Ne,Ne,Ne,Ano,Ano,Ano,Ne,Ano,Ne,Ano,Ne,Ano,,,Ne,Ne,Ne,2018/08/29,2020/07/20,0.00562592256026202,1.62418452146834e-06
913,113,1703,"Nedostavěný objekt při ulicích Trnkova, Zaoralova",Ne,"Trnkova, Zaoralova",Líšeň,Brno-Líšeň,0.53,Lehký průmysl,"Územní plán města Brna; URBANISMUS, ARCHITEKTURA, DESIGN STUDIO (11/1994)",2,0,,Ne,Ne,Ne,Ne,C - Okrajová část,Ne,Ne,Ne,Ne,Ne,Ne,Ne,Ne,Ano,Ano,Ne,Ano,Ano,Ano,Ano,Ano,Ano,Ne,Ano,,,Ne,Ano,Ne,2019/11/15,2020/07/20,0.00438905914263696,6.55109450633893e-07
914,114,3401,Bývalá Zbrojovka,Ano,Lazaretní 7,Zábrdovice,Brno-Židenice,22.69,Průmyslová výroba,"Územní plán města Brna; URBANISMUS, ARCHITEKTURA, DESIGN STUDIO (11/1994)",3,0,Zahájení stavebních prací - rekonstrukce,Ano,Ne,Ano,Ne,B - Vnější centrum,Ano,Ne,Ne,Ne,Ne,Ne,Ne,Ne,Ano,Ano,Ne,Ano,Ano,Ano,Ano,Ano,Ano,Ne,Ano,,,Ne,Ne,Ne,2020/07/13,2020/07/20,0.0228539172744172,2.80072911663105e-05
915,115,1701,"Uvolňovaná západní část areálu Zetor, a.s.",Ano,Trnkova 111,"Líšeň, Židenice","Brno-Líšeň, Brno-Židenice",26.06,Průmyslová výroba,"Územní plán města Brna; URBANISMUS, ARCHITEKTURA, DESIGN STUDIO (11/1994)",101,17,,Ne,Ne,Ne,Ne,B - Vnější centrum,Ne,Ne,Ne,Ne,Ne,Ne,Ano,Ne,Ano,Ano,Ne,Ano,Ano,Ano,Ano,Ano,Ano,Ne,Ano,,,Ano,Ano,Ano,2019/07/30,2020/07/20,0.0293782687164466,3.21526460255821e-05
916,116,1101,"Bývalý areál VUT, u ZOO",Ano,Rekreační 1,Kníničky,Brno-Kníničky,2.48,Školské plochy,"Územní plán města Brna; URBANISMUS, ARCHITEKTURA, DESIGN STUDIO (11/1994)",1,,Demolice,Ne,Ne,Ne,Ne,C - Okrajová část,Ano,Ne,Ne,Ne,Ne,Ne,Ano,Ne,Ne,Ne,Ne,Ano,Ano,Ne,Ano,Ano,Ano,Ne,Ano,,Ne,Ne,Ne,Ne,2019/02/14,2020/07/20,0.00747769076226334,3.05890288540255e-06
917,117,2605,Nevyužívané objekty v areálu Lachema,Ne,Karásek,Řečkovice,Brno-Řečkovice a Mokrá Hora,1.07,"Chemický a petrochemický průmysl, energetika","Územní plán města Brna; URBANISMUS, ARCHITEKTURA, DESIGN STUDIO (11/1994)",2,0,,Ne,Ne,Ne,Ne,C - Okrajová část,Ne,Ne,Ano,Ne,Ne,Ne,Ano,Ne,Ne,Ne,Ne,Ano,Ano,Ano,Ano,Ano,Ano,Ne,Ano,,,Ne,Ano,Ne,2020/02/11,2020/07/20,0.00480775028282493,1.32557398339607e-06
918,118,3808,Bývalá Jaselská kasárna,Ano,"Štefánikova, Staňkova",Ponava,Brno-Královo Pole,2.73,Vojenský prostor,"Územní plán města Brna; URBANISMUS, ARCHITEKTURA, DESIGN STUDIO (11/1994)",1,,,Ne,Ne,Ano,Ne,B - Vnější centrum,Ne,Ne,Ano,Ne,Ne,Ne,Ne,Ne,Ano,Ano,Ne,Ano,Ano,Ano,Ano,Ano,Ano,Ne,Ano,,,Ne,Ne,Ne,2018/08/29,2020/07/20,0.0100284769177401,3.37293057349302e-06
919,119,1508,Bývalý prodej stavebnin Stavomax s.r.o.,Ne,"Mojmírovo nám., Košinova",Královo Pole,Brno-Královo Pole,0.53,Jiné - nespecifikované,"Územní plán města Brna; URBANISMUS, ARCHITEKTURA, DESIGN STUDIO (11/1994)",118,0,,Ne,Ne,Ano,Ne,B - Vnější centrum,Ne,Ne,Ne,Ne,Ne,Ne,Ano,Ano,Ne,Ano,Ne,Ano,Ano,Ano,Ano,Ano,Ano,Ne,Ano,,,Ne,Ano,Ne,2019/11/15,2020/07/20,0.00412030790604533,6.54124644467245e-07
920,120,3103,Bývalý Dřevopodnik s.p.,Ano,"Rumiště 3, 5, 9, Mlýnská 12, 23, Křenová 23",Trnitá,Brno-střed,1.46,Lehký průmysl,"Územní plán města Brna; URBANISMUS, ARCHITEKTURA, DESIGN STUDIO (11/1994)",5,,,Ne,Ne,Ano,Ne,B - Vnější centrum,Ne,Ne,Ne,Ne,Ne,Ne,Ne,Ano,Ano,Ano,Ne,Ano,Ano,Ano,Ano,Ano,Ano,Ne,Ano,Ano,,Ne,Ano,Ne,2019/03/28,2020/07/20,0.0073349279144789,1.7974096135471e-06
921,121,1401,Areál bývalého JZD Komín,Ano,Komínská 1096,Komín,Brno-Komín,6.99,Zemědělská výroba,"Územní plán města Brna; URBANISMUS, ARCHITEKTURA, DESIGN STUDIO (11/1994)",76,,Neprovedená revitalizace,Ne,Ne,Ne,Ne,C - Okrajová část,Ne,Ne,Ne,Ne,Ne,Ne,Ne,Ne,Ne,Ne,Ne,Ano,Ano,Ano,Ano,Ano,Ano,Ne,Ne,,,Ne,Ano,Ne,2019/02/14,2020/07/20,0.0125220782130553,8.63298143591771e-06
922,123,3101,"Bývalá Mosilana, Křenová",Ano,Křenová 19,Trnitá,Brno-střed,3.12,Průmyslová výroba,"Územní plán města Brna; URBANISMUS, ARCHITEKTURA, DESIGN STUDIO (11/1994)RP Cejl - Křenová; Kovoprojekta Brno a.s. (03/1999)\\r\\n",2,,,Ne,Ne,Ano,Ne,B - Vnější centrum,Ne,Ne,Ne,Ne,Ne,Ne,Ne,Ano,Ano,Ano,Ne,Ano,Ano,Ano,Ano,Ano,Ano,Ne,Ano,,,Ne,Ano,Ne,2018/08/29,2020/07/20,0.0108943481402004,3.8551131095479e-06
923,124,4801,Bývalé zemědělské družstvo Žebětín,Ano,Hostislavova,Žebětín,Brno-Žebětín,3.08,Zemědělská výroba,"Územní plán města Brna; URBANISMUS, ARCHITEKTURA, DESIGN STUDIO (11/1994)",10,,,Ne,Ne,Ne,Ne,C - Okrajová část,Ne,Ne,Ne,Ne,Ne,Ne,Ne,Ne,Ne,Ne,Ne,Ne,Ne,Ne,Ano,Ano,Ano,Ne,Ne,,,Ne,Ano,Ne,2018/08/29,2020/07/20,0.0101232845250103,3.80599044720575e-06
924,125,3107,Lokalita Masná - Křenová,Ano,"ul. Hladíkova, Masná",Trnitá,Brno-střed,1.31,Jiné - služby,"RP Křenová - Masná - trať ČD; Ing. arch. Fixel, Ing. arch. Pech - Atelier ERA (01/2000)Územní plán města Brna; URBANISMUS, ARCHITEKTURA, DESIGN STUDIO (11/1994)\\r\\n",6,,,Ne,Ne,Ano,Ne,B - Vnější centrum,Ne,Ne,Ne,Ne,Ne,Ne,Ano,Ne,Ano,Ne,Ne,Ano,Ano,Ano,Ano,Ano,Ano,Ne,Ano,,,Ne,Ano,Ano,2018/08/29,2020/07/20,0.00698702557990216,1.61648353368762e-06
925,126,1503,"Území při ulici Sportovní, Košinova",Ano,"Sportovní, Košinova",Královo Pole,Brno-Královo Pole,0.47,Jiné - nespecifikované,"Územní plán města Brna; URBANISMUS, ARCHITEKTURA, DESIGN STUDIO (11/1994)",2,,,Ne,Ne,Ano,Ne,B - Vnější centrum,Ne,Ne,Ne,Ne,Ne,Ne,Ano,Ano,Ne,Ano,Ne,Ano,Ano,Ano,Ano,Ano,Ano,Ne,Ano,,,Ne,Ne,Ne,2018/08/29,2020/07/20,0.0030638409761204,5.86084747360379e-07
926,127,3108,"Území Jižního centra mezi ulicemi Uhelná, Opuštěná, Trnitá",Ano,"ul. Uhelná, Opuštěná, Trnitá",Trnitá,Brno-střed,8.51,Jiné - nespecifikované,"Územní plán města Brna; URBANISMUS, ARCHITEKTURA, DESIGN STUDIO (11/1994)",11,,,Ne,Ne,Ano,Ne,B - Vnější centrum,Ano,Ne,Ne,Ne,Ne,Ne,Ano,Ano,Ano,Ne,Ne,Ano,Ano,Ano,Ano,Ano,Ano,Ne,Ano,,,Ne,Ano,Ano,2018/08/29,2020/07/20,0.0154821337145943,1.04939113864635e-05
927,128,3406,Plocha při Brněnské továrně plstí,Ano,Zábrdovická,Zábrdovice,Brno-Židenice,1.33,Průmyslová výroba,"Územní plán města Brna; URBANISMUS, ARCHITEKTURA, DESIGN STUDIO (11/1994)",2,,,Ne,Ne,Ano,Ne,B - Vnější centrum,Ano,Ne,Ne,Ne,Ne,Ne,Ne,Ne,Ano,Ano,Ne,Ano,Ano,Ano,Ano,Ano,Ano,Ne,Ano,,,Ne,Ano,Ne,2018/08/29,2020/07/20,0.00739392640049551,1.64129232156356e-06
928,134,3813,Areál 2 při ulici Sportovní,Ano,"Rybníček, Sportovní, Střední",Ponava,Brno-Královo Pole,1.03,Jiné - nespecifikované,"Územní plán města Brna; URBANISMUS, ARCHITEKTURA, DESIGN STUDIO (11/1994)",1,,,Ne,Ne,Ano,Ne,B - Vnější centrum,Ne,Ne,Ne,Ne,Ne,Ne,Ne,Ne,Ano,Ano,Ne,Ano,Ano,Ano,Ano,Ano,Ano,Ne,Ano,,,Ne,Ano,Ne,2019/05/07,2020/07/20,0.00467329575091787,1.26873971097267e-06
929,135,2803,Území mezi ulicemi Křídlovická a Nádvorní,Ano,"Křídlovická, Nádvorní",Staré Brno,Brno-střed,0.4,Lehký průmysl,"Územní plán města Brna; URBANISMUS, ARCHITEKTURA, DESIGN STUDIO (11/1994)",1,0,,Ano,Ne,Ano,Ne,B - Vnější centrum,Ano,Ne,Ne,Ne,Ne,Ne,Ano,Ano,Ano,Ne,Ne,Ano,Ano,Ano,Ano,Ano,Ano,Ne,Ano,,,Ne,Ne,Ne,2019/09/18,2020/07/20,0.00365809402394365,4.91283734620164e-07
930,136,2804,Území mezi ulicemi Křídlovická a Leitnerova,Ano,"Křídlovická, Leitnerova",Staré Brno,Brno-střed,0.38,Lehký průmysl,"Územní plán města Brna; URBANISMUS, ARCHITEKTURA, DESIGN STUDIO (11/1994)",2,0,,Ano,Ne,Ano,Ne,B - Vnější centrum,Ano,Ne,Ano,Ne,Ne,Ne,Ne,Ano,Ano,Ne,Ne,Ano,Ano,Ano,Ano,Ano,Ano,Ne,Ano,,Ne,Ne,Ano,Ne,2019/09/18,2020/07/20,0.0040701405818715,4.74971990611728e-07
