objectid,X,Y,name,place_address
1,16.6042209996498,49.1954380002571,ART IS HERE: Moderní umění,"Husova 18, 662 26 Brno"
2,16.6042209996498,49.1954380002571,ART IS HERE: Nové umění,"Husova 18, 662 26 Brno"
3,16.60883810036,49.193116099747,Šifrovací hra: Tajemství Staré radnice,"Radnická 8, Brno-Brno-střed, Česko"
4,16.608856699978002,49.193117700071,Šifrovací hra: Tmavomodré dobrodružství,"radnická 8, brno"
5,16.622583400388802,49.1996800997494,KÁZNICE ŽIJE,"Bratislavská 68, Zábrdovice, Brno, Česko"
6,16.623380400081903,49.2005854998787,Lavutara: Cestami romských muzikantů a jejich písní,"Bratislavská 246/67, Zábrdovice, Brno, Česko"
7,16.6042211002611,49.195438199848006,Výstava Josef Hoffmann – Otto Prutscher,"Husova 18, Brno-město, Brno, Česko"
8,16.6131469450788,49.1945529197099,BrainFAQ Brno &#8211; únikové hry,"Orlí 542/27, 602 00 Brno - střed"
9,16.5814431996264,49.228157399946205,V těžkých dobách: Boje o hranice 1918–1919,"Purkyňova 2950/105, Brno-Brno-Královo Pole, Česko"
10,16.5814431996264,49.228157399946205,Retrogaming,"Purkyňova 2950/105, Brno-Brno-Královo Pole, Česko"
11,16.5814431996264,49.228157399946205,Železná opona,"Purkyňova 2950/105, Brno-Brno-Královo Pole, Česko"
12,16.6090933997672,49.191852100065006,Ondřej Sekora: Mravenčí a jiné práce,"Zelný trh 6, Brno-město, Brno, Česko"
13,16.608123000071398,49.1950509997518,NONSTOP MĚSÍC AUTORSKÉHO ČTENÍ,
14,16.6080981382976,49.1923420658348,Co víš o architektuře? (online soutěž),"Zelný trh 12, 60200 Brno"
15,16.5838819998587,49.204160199910895,Staň se astronomem,"Kraví hora 522/2, Veveří, 616 00 Brno, Česko"
16,16.6068371003697,49.195060199786205,Heraldická procházka Brnem (online),Brno
17,16.59903824328,49.194402365422604,Historie Velkého Brna (online),"Špilberk 1, 602 00 Brno-střed, Česko"
18,16.608123000071398,49.1950509997518,Mapa historických sportovišť Brna (online),
19,16.608123000071398,49.1950509997518,Bombardování Brna v letech 1944–45 (online),
20,16.608123000071398,49.1950509997518,Rok 1968–1969 v Brně (online),
21,16.59903824328,49.194402365422604,Chrám kamene / Lapidárium ve vodojemech na Špilberku,"Špilberk 1, 602 00 Brno-střed, Česko"
22,16.6250181195747,49.2282480380369,Lanové centrum PROUD Brno na Lesné zahajuje novou sezónu,"Milénova 882/16, 638 00 Brno-sever-Lesná, Česko"
23,16.6042211002611,49.195438199848006,BEER IS HERE,"Husova 18, Brno-město, Brno, Česko"
24,16.5810115995566,49.1839923000371,3D Dinosauři,"Křížkovského 554/12, Staré Brno, 603 00 Brno, Česko"
25,16.7440652846808,49.318660321909796,ARBORETUM KŘTINY – cesta kolem světa za…pár hodin,"Arboretum Křtiny, Křtiny 68, 679 05 Křtiny, Česko"
26,16.606724722026,49.2065341665131,Ulovte si svůj kroužek v Lužánkách 2020/2021,"Lidická 50, Brno-střed, 602 00"
27,16.6023244997782,49.201568899749496,Dalibor Chatrný: Práce s fotografií,"Smetanova 14, Veveří, Brno, Česko"
28,16.5760570997105,49.2065672001776,Výstava Eva Eisler &#8211; Peter Demek. House Sitters,"Jana Nečase 2, Brno, Česko"
29,16.5993465001697,49.19484619992121,Evropan Adolf Loos. Nejen brněnské stopy.,"Špilberk 210/1, Brno-Brno-střed, Česko"
30,16.6101111586447,49.2049909448018,Židle pro Brno,"Lužánecká 1883/3, 602 00 Brno-střed, Česko"
31,16.6077353240257,49.19207684514279,Art.Slastná vernisáž 2.0,"Zelný trh 10, 602 00 Brno-střed"
32,16.5814431996264,49.228157399946205,100 let 43. pěšího pluku v Brně,"Purkyňova 2950/105, Brno-Brno-Královo Pole, Česko"
33,16.5814431996264,49.228157399946205,Mezinárodní bienále studentského designu DESIGN.S 2020 (online),"Purkyňova 2950/105, Brno-Brno-Královo Pole, Česko"
34,16.528346199650198,49.232974299858505,Kukuřičné bludiště Brno &#8211; Kníničky,Kukuřičné bludiště Brno
35,16.608123000071398,49.1950509997518,Brněnský festival zmrzliny: Putování za zmrzlinou,
36,16.5965330602432,49.204094449806995,Sochy mezi květy,"Veveří 496/69, 602 00 Brno-střed-Veveří, Česko"
37,16.6080987455587,49.1950392155807,Vyhlídkové jízdy Brnem,"nám. Svobody 19, 602 00 Brno-střed, Česko"
38,16.6096163998239,49.191727000220006,Leonardovy stroje,"Kapucínské náměstí, Brno-město, Brno, Česko"
39,16.5670604999878,49.192022400079004,Čas rytířů dalekých moří. Sběratel a mecenáš Jindřich Vávra,Pisárecká 5
40,16.6873159314905,49.227668167973796,Areál lesní pedagogiky DOUBRAVKA -programy lesní pedagogiky,Kanice ev. č. 152; 664 01 Kanice; Jihomoravský kraj
41,16.6073642030323,49.198737374976595,Zbrusu nové brněnské pověsti,"Moravské nám. 1/1, Brno-město, 602 00 Brno-Brno-střed, Česko"
42,16.5937432001945,49.208602600041104,Milan Kundera (neztracen) v překladech,"Kounicova 65a, Veveří, Brno, Česko"
43,16.6084685002145,49.1933497999158,Come Over When You’re Sober,"Radnická 4, Brno-město, Brno, Česko"
44,16.5814431996264,49.228157399946205,Jsme tu s vámi již 20 let,"Purkyňova 2950/105, Brno-Brno-Královo Pole, Česko"
45,16.5333971004044,49.230115599874296,Výstava Věda a výzkum Mendelovy univerzity v Brně,"U Zoologické zahrady 46, 635 00 Brno, Česko"
46,16.608123000071398,49.1950509997518,Tematické prohlídky,
47,16.608123000071398,49.1950509997518,Brněnský varhanní festival,
48,16.6100494776223,49.204910430085704,Lucie Holoušová &#8211; Stíny ztraceného světa,"Lužánecká 3, Brno"
49,16.6079503995693,49.1928315999571,zaměřeno na &#8230; bydlení,"Mečová 5, Brno-střed-Brno-město, Česko"
50,16.6090933997672,49.191852100065006,Do Brna široká cesta. Kramářské písně se světskou tematikou,"Zelný trh 6, Brno-město, Brno, Česko"
51,16.6119908645121,49.195162304085905,"Kam kráčíš, Brno? 2020","Pohořelec 461/2, 602 00 Brno-střed-Brno-město, Česko"
52,16.614646200050302,49.196337600201204,"Josef Dabernig, Ann Veronica Janssens, Žilvinas Kempinas, Karin Sander, Bill Viola, Martin Vongrej, Heimo Zobernig: Umění snížené diference","Malinovského nám. 2, Brno-město, Brno, Česko"
53,16.608123000071398,49.1950509997518,Bonjour Brno,
54,16.6330184939355,49.138126373423006,30 LET Letecké amatérské asociace ČR v OC Olympia Brno,OC Olympia Brno U dálnice 777 Brno Modřice
55,16.5890342000341,49.18843430013,Rodinná výstava Skřítci a trpaslíci,"Veletržní 19, Staré Brno, Brno, Česko"
56,16.5937432001945,49.208602600041104,Nový památník v Letech,"Kounicova 65a, Veveří, Brno, Česko"
57,16.5937432001945,49.208602600041104,Oči Brna: Kateřina Šimáčková,"Kounicova 65a, Veveří, Brno, Česko"
58,16.6084685002145,49.1933497999158,"O stromech, medúze a břichabolu","Radnická 4, Brno-město, Brno, Česko"
59,16.6084685002145,49.1933497999158,Jádra &#038; Tvary: Galerie pana Šťovíčka,"Radnická 4, Brno-město, Brno, Česko"
60,16.6069000004059,49.1934000002777,Retrospektiva &#8211; vernisáž obrazů Oty Janečka,Dominikánská ulice 3
61,16.614646200050302,49.196337600201204,"Burian – Křivinka, Petr Pelčák, Rusín &#038; Wahla: Stavby a projekty 2009 – 2019","Malinovského nám. 2, Brno-město, Brno, Česko"
62,16.6068371003697,49.195060199786205,Brněnské dny pro zdraví,brno
63,16.6080987455587,49.1950392155807,Slavnosti vína Brno,"nám. Svobody 19, 602 00 Brno-střed, Česko"
64,16.622583400388802,49.1996800997494,Advokáti proti totalitě,"Bratislavská 68, Zábrdovice, Brno, Česko"
65,16.620037961149098,49.18899230573071,Zimní semestr Balladine 2020/2021,"Řeznická 2, Brno, 60200"
66,16.5937432001945,49.208602600041104,České vědkyně,"Kounicova 65a, Veveří, Brno, Česko"
67,16.616065200432697,49.2071644997234,Re.storation.2010.2012,Černopolní 45 613 00 Brno
68,16.608123000071398,49.1950509997518,Serial Killer Festival,
69,16.622583400388802,49.1996800997494,Sejdeme se pod platany: oficiální otevření centra,"Bratislavská 68, Brno"
70,16.6036449001767,49.2042786002359,Předpremiéra filmu Nebe s Tomášem Etzlerem,Cihlářská 643/19
71,16.608259599690097,49.201543000172606,Antonius a Kleopatra,"Lidická 1863/16, Černá Pole, 602 00 Brno, Česko"
72,16.6036449001767,49.2042786002359,Herní Degustace -&gt; UFO: Afterlight,Cihlářská 643/19
73,16.6036449001767,49.2042786002359,Šarlatán,Cihlářská 643/19
74,16.614646200050302,49.196337600201204,Mies van der Rohe,"Malinovského nám. 2, Brno-město, Brno, Česko"
75,16.6036449001767,49.2042786002359,Než skončí léto,Cihlářská 643/19
76,16.60883810036,49.193116099747,Brněnsko tančí a zpívá,"Radnická 8, Brno-Brno-střed, Česko"
77,16.6036449001767,49.2042786002359,Rytmus: Tempos,Cihlářská 643/19
78,16.6006735139653,49.2010288486508,Fotografujeme noční město – workshop,"Smetanova 3, Brno, 602 00"
79,16.6106653068856,49.19146767461329,Vyrob si lapač (svých) snů,"Masarykova 32, 602 00 Brno"
80,16.6175242719649,49.198936602833,Jeden svět Brno a dokument Vylidněno,"Bratislavská 26, 602 00"
81,16.5930574999685,49.2274928997419,Jaroslav Samson Lenk,"Palackého tř. 832, Brno-Brno-Královo Pole, Česko"
82,16.606640425018,49.1923191742636,Od stresu ke štěstí – snadno a lehce – meditací,"Starobrněnská 13, Brno-střed"
83,16.608123000071398,49.1950509997518,Brněnský varhanní festival: S dětmi světem hudby,
84,16.6036449001767,49.2042786002359,V síti,Cihlářská 643/19
85,16.6089086001435,49.197552399790105,Cyrano z Bergeracu | NT Live | záznam,"Moravské nám. 127/3, Brno-město, Brno, Česko"
86,16.6089086001435,49.197552399790105,Tenet,"Moravské nám. 127/3, Brno-město, Brno, Česko"
87,16.6087271000319,49.192579000283295,Oktoberfest na Zelňáku,"Zelný trh, Brno-město, Brno, Česko"
88,16.5806651112667,49.1864823068979,Body Worlds,"Výstaviště 405/1, Pisárky, 64700 Brno-Brno-střed, Česko"
89,16.5977672996295,49.208073599862296,Vinnetou,"Tučkova 922/34, Veveří, 602 00 Brno, Česko"
90,16.6036449001767,49.2042786002359,Disco,Cihlářská 643/19
91,16.6036449001767,49.2042786002359,Naděje,Cihlářská 643/19
92,16.6085108836279,49.206994478969605,Nejtek / Wróblewski / Klápště,park Lužánky
93,16.6025319728796,49.197336103760605,MAOK &#8211; koncert &#8222;Hudba vnitřních světů&#8220;,"Komenského náměstí 218/4, 602 00 Brno"
94,16.5810115995566,49.1839923000371,"VIDA! After Dark: Sex, drugs &#038; rock&#8217;n&#8217;roll","Křížkovského 554/12, Staré Brno, 603 00 Brno, Česko"
95,16.6041623998489,49.19624830011029,„Sen“ Operní pantomima,"Komenského nám. 534/8, 602 00 Brno-Brno-střed, Česko"
96,16.6036449001767,49.2042786002359,Provinční městečko E,Cihlářská 643/19
97,16.6036449001767,49.2042786002359,Corpus Christi,Cihlářská 643/19
98,16.6125059998185,49.195622700094006,WWW NEUROBEAT,"Sukova 4, Brno-město, Brno, Česko"
99,16.608123000071398,49.1950509997518,Rajlich 100 / 100 × 100: HOMMAGE À JAN RAJLICH,
100,16.6042211002611,49.195438199848006,Rafani,"Husova 18, Brno-město, Brno, Česko"
101,16.6042211002611,49.195438199848006,Rajlich 100 / Jan Rajlich – Art &#038; Design,"Husova 18, Brno-město, Brno, Česko"
102,16.6056118998318,49.19238619987121,SLAVNOSTI PIVA Františka Ondřeje Poupěte na Šilingrově náměstí,"Šilingrovo náměstí, Brno-město, Brno, Česko"
103,16.6074120994067,49.1910193285871,Tematické prohlídky: Brněnské pivovary,"Petrov 270/7, 602 00 Brno-střed-Brno-město, Česko"
104,16.605801933040198,49.1865279187029,Mýty a fakta o očkování &#8211; MUDr. Eleková,"Nové Sady 37, Brno"
105,16.6073642030323,49.198737374976595,Tematické prohlídky: Kameny zmizelých,"Moravské nám. 1/1, Brno-město, 602 00 Brno-Brno-střed, Česko"
106,16.622583400388802,49.1996800997494,Feministická konference 2020,"Bratislavská 68, Zábrdovice, Brno, Česko"
107,16.6036449001767,49.2042786002359,V síti: Za školou,Cihlářská 643/19
108,16.606640425018,49.1923191742636,Večer s kytarou,"Starobrněnská 13, Brno-střed"
109,16.608259599690097,49.201543000172606,Pro nic za nic,"Lidická 1863/16, Černá Pole, 602 00 Brno, Česko"
110,16.609874816385,49.2046542977816,Přetlak a Hrozně.,Lužánecká
111,16.5930574999685,49.2274928997419,Katapult &#8211; Nostalgia tour,"Palackého tř. 832, Brno-Brno-Královo Pole, Česko"
112,16.594998514955698,49.188818474385,Trying company v baru u Kouřícího králíka,Křídlovická 1 60300 Brno
113,16.6094269999277,49.192119700187504,Idomeneus,"Zelný trh 313/4, Brno-město, Brno, Česko"
114,16.6036449001767,49.2042786002359,Parazit,Cihlářská 643/19
115,16.6036449001767,49.2042786002359,Žaluji!,Cihlářská 643/19
116,16.60883810036,49.193116099747,Tematické prohlídky: Život a smrt moravského aristokrata,"Radnická 8, Brno-Brno-střed, Česko"
117,16.607808267226698,49.1972907484639,Kurz olejomalby Bob Ross pro začátečníky,Brno - střed Moravské nám. 4
118,16.613695800446,49.1959064001515,Všelijaká koukátka,"Malinovského náměstí 1, Brno-město, Brno, Česko"
119,16.6961292865733,49.28330174928289,malé MEZiLESY,Babice nad Svitavou
120,16.6036449001767,49.2042786002359,Mafia v Artu,Cihlářská 643/19
121,16.6036449001767,49.2042786002359,Soutěž v závodě &#8211; Mafia: The City of Lost Heaven,Cihlářská 643/19
122,16.6036449001767,49.2042786002359,Mafia kvíz,Cihlářská 643/19
123,16.6036449001767,49.2042786002359,Soutěž v závodě &#8211; Mafia: Definitive Edition,Cihlářská 643/19
124,16.613695800446,49.1959064001515,"Edith, vrabčák z předměstí","Malinovského náměstí 1, Brno-město, Brno, Česko"
125,16.6036449001767,49.2042786002359,Představení Mafia: Definitive Edition,Cihlářská 643/19
126,16.6020530001533,49.1854489001089,HANA ZAGOROVÁ &amp; ŠTEFAN MARGITA,"Křídlovická 911/34, Brno-střed-Staré Brno, Česko"
127,16.608123000071398,49.1950509997518,JazzFestBrno,
128,16.6036449001767,49.2042786002359,Máša a medvěd: Mášiny písničky,Cihlářská 643/19
129,16.6036449001767,49.2042786002359,Mlsné medvědí příběhy,Cihlářská 643/19
130,16.6036449001767,49.2042786002359,Princezna zakletá v čase,Cihlářská 643/19
131,16.613695800446,49.1959064001515,Lucerna,"Malinovského náměstí 1, Brno-město, Brno, Česko"
132,16.608123000071398,49.1950509997518,Janáček Brno 2020,
133,16.6089086001435,49.197552399790105,Beseda s generálem Petrem Pavlem: Strážce republiky,"Moravské nám. 127/3, Brno-město, Brno, Česko"
134,16.611048200300697,49.198234900215304,"Leoš Janáček &#8211; Osud, Slavnostní zahájení festivalu","Rooseveltova 31/7, Brno-město, 602 00 Brno, Česko"
135,16.608259599690097,49.201543000172606,Ztracený ráj (zpráva o člověku),"Lidická 1863/16, Černá Pole, 602 00 Brno, Česko"
136,16.611048200300697,49.198234900215304,Osud,"Rooseveltova 31/7, Brno-město, 602 00 Brno, Česko"
137,16.6036449001767,49.2042786002359,Havel,Cihlářská 643/19
138,16.5937432001945,49.208602600041104,Komenský v obrazech,"Kounicova 65a, Veveří, Brno, Česko"
139,16.6036449001767,49.2042786002359,Příběh tantry,Cihlářská 643/19
140,16.6036449001767,49.2042786002359,Pravda,Cihlářská 643/19
141,16.616065200432697,49.2071644997234,Jan Kačer: Má pouť životem a uměním,Černopolní 45 613 00 Brno
142,16.6125059998185,49.195622700094006,HRUBÁ HUDBA (LESNÍ ZVĚŘ &#038; HORŇÁCKÁ MUZIKA PETRA MIČKY),"Sukova 4, Brno-město, Brno, Česko"
143,16.6085108836279,49.206994478969605,TALAQPO,park Lužánky
144,16.6036449001767,49.2042786002359,Kiruna – překrásný nový svět,Cihlářská 643/19
145,16.614646200050302,49.196337600201204,Veronika Vlková: Tiše poslouchej,"Malinovského nám. 2, Brno-město, Brno, Česko"
146,16.6080987455587,49.1950392155807,Podzimní slavnosti dobrého jídla,"nám. Svobody 19, 602 00 Brno-střed, Česko"
147,16.6036449001767,49.2042786002359,Palm Springs,Cihlářská 643/19
148,16.5853774998723,49.2104450000619,3Bobule,"Minská 19, Brno, Česko"
149,16.6110186996268,49.1963003002742,RESTART &#8211; Zahajovací průvod JAMU,"Mozartova 1, Brno"
150,16.622583400388802,49.1996800997494,Dialogy nového příběhu: Vlado Lobotka &#8211; Myslet změnu,"Bratislavská 68, Zábrdovice, Brno, Česko"
151,16.6175242719649,49.198936602833,Vegan fest,"Bratislavská 26, 602 00"
152,16.6094269999277,49.192119700187504,ARNOLD SCHOENBERG CHOR,"Zelný trh 313/4, Brno-město, Brno, Česko"
153,16.5930574999685,49.2274928997419,Mandarinková izba,"Palackého tř. 832, Brno-Brno-Královo Pole, Česko"
154,16.608123000071398,49.1950509997518,Brněnský varhanní festival: Narozeninový koncert,
155,16.6125059998185,49.195622700094006,Hm / Solárium,"Sukova 4, Brno-město, Brno, Česko"
156,16.608123000071398,49.1950509997518,Den architektury Brno,
157,16.60883810036,49.193116099747,Tematické prohlídky: Po stopách Ernsta Wiesnera,"Radnická 8, Brno-Brno-střed, Česko"
158,16.6175242719649,49.198936602833,Info meet-up,Bratislavská 26/210 Brno
159,16.6036449001767,49.2042786002359,Helmut Newton: Nestoudná krása,Cihlářská 643/19
160,16.6036449001767,49.2042786002359,Ronnie Wood: Někdo tam nahoře mě má rád,Cihlářská 643/19
161,16.6094269999277,49.192119700187504,ZÁPISNÍK ZMIZELÉHO &#038; KLAVÍRNÍ RECITÁL JANA JIRASKÉHO,"Zelný trh 313/4, Brno-město, Brno, Česko"
162,16.6146402855425,49.18778381238871,Barma / Myanmar: Pekelný ráj (Brno),"Ve Vaňkovce 1, 602 00 Brno"
163,16.6036449001767,49.2042786002359,Svět podle Muchy,Cihlářská 643/19
164,16.6036449001767,49.2042786002359,Léto 85,Cihlářská 643/19
165,16.6089086001435,49.197552399790105,Jeden svět Brno,"Moravské nám. 127/3, Brno-město, Brno, Česko"
166,16.6073642030323,49.198737374976595,Trhy kávy 2020 Brno,"Moravské nám. 1/1, Brno-město, 602 00 Brno-Brno-střed, Česko"
167,16.6036449001767,49.2042786002359,Climax,Cihlářská 643/19
168,16.6036449001767,49.2042786002359,Postiženi muzikou,Cihlářská 643/19
169,16.613695800446,49.1959064001515,LEOŠ JANÁČEK &#8211; PŘÍHODY LIŠKY BYSTROUŠKY,"Malinovského náměstí 1, Brno-město, Brno, Česko"
170,16.6087271000319,49.192579000283295,Meet Papír,"Zelný trh, Brno-město, Brno, Česko"
171,16.6001838997961,49.203573200004904,Minimalistický festival STAČÍ MÁLO,"Kounicova 686/22, Brno"
172,16.6023244997782,49.201568899749496,KLAVÍRNÍ RECITÁL JANA JIRASKÉHO,"Smetanova 14, Veveří, Brno, Česko"
173,16.6023244997782,49.201568899749496,KLAVÍRNÍ RECITÁL JANA JIRASKÉHO (REPRÍZA),"Smetanova 14, Veveří, Brno, Česko"
174,16.608123000071398,49.1950509997518,Mersey Gathering,
175,16.61358079992,49.206068099856395,Zemlinsky Quartet,"Drobného 297/22, Černá Pole, Brno, Česko"
176,16.5977672996295,49.208073599862296,Vinnetou,"Tučkova 922/34, Veveří, 602 00 Brno, Česko"
177,16.6934757234111,49.209186553668296,Škola kouzel Pavla Kožíška,"Dělňák, Klajdovská 28, Brno-Líšeň"
178,16.6036449001767,49.2042786002359,Autoportrét,Cihlářská 643/19
179,16.611048200300697,49.198234900215304,JEJÍ PASTORKYŇA JANÁČKOVA OPERA NdB &#038; KARITA MATTILA (PREMIÉRA),"Rooseveltova 31/7, Brno-město, 602 00 Brno, Česko"
180,16.611048200300697,49.198234900215304,Její pastorkyňa,"Rooseveltova 31/7, Brno-město, 602 00 Brno, Česko"
181,16.6036449001767,49.2042786002359,Skutok sa stal,Cihlářská 643/19
182,16.6100494776223,49.204910430085704,Jan Kratochvíla &#8211; Geošpirit,"Lužánecká 3, Brno"
183,16.6023244997782,49.201568899749496,MATINÉ JAMU V PAMÁTNÍKU L. JANÁČKA,"Smetanova 14, Veveří, Brno, Česko"
184,16.604362233677097,49.2076828417937,Tematické prohlídky: Po stopách brněnských básníků,"Pionýrská, 602 00 Brno-Brno-střed, Česko"
185,16.6094269999277,49.192119700187504,JOSEF SUK PIANO QUARTET,"Zelný trh 313/4, Brno-město, Brno, Česko"
186,16.6036449001767,49.2042786002359,Pinocchio,Cihlářská 643/19
187,16.6036449001767,49.2042786002359,Češi jsou výborní houbaři,Cihlářská 643/19
188,16.6041623998489,49.19624830011029,PRAŽSKÝ FILHARMONICKÝ SBOR,"Komenského nám. 534/8, 602 00 Brno-Brno-střed, Česko"
189,16.6033136841449,49.197529278175296,Hudební nešpory v Červeném kostele,"Červený kostel, 602 00 Brno-střed, Česko"
190,16.616065200432697,49.2071644997234,Film a architektura ve vile Tugendhat,Černopolní 45 613 00 Brno
191,16.6036449001767,49.2042786002359,Tímhle vlakem jedu,Cihlářská 643/19
192,16.60883810036,49.193116099747,Tematické prohlídky: Smrt a rozklad v Brně,"Radnická 8, Brno-Brno-střed, Česko"
193,16.6036449001767,49.2042786002359,Země je modrá jako pomeranč,Cihlářská 643/19
194,16.611048200300697,49.198234900215304,JEJÍ PASTORKYŇA JANÁČKOVA OPERA NdB &#038; KARITA MATTILA,"Rooseveltova 31/7, Brno-město, 602 00 Brno, Česko"
195,16.5930574999685,49.2274928997419,"Vím, že víš, že vím.","Palackého tř. 832, Brno-Brno-Královo Pole, Česko"
196,16.6036449001767,49.2042786002359,Lovemobil,Cihlářská 643/19
197,16.608259599690097,49.201543000172606,Monty Python´s Spamalot,"Lidická 1863/16, Černá Pole, 602 00 Brno, Česko"
198,16.5930574999685,49.2274928997419,Dva nahatý chlapi,"Palackého tř. 832, Brno-Brno-Královo Pole, Česko"
199,16.6094269999277,49.192119700187504,RECITÁL PAVOL BRESLIK A RÓBERT PECHANEC,"Zelný trh 313/4, Brno-město, Brno, Česko"
200,16.6036449001767,49.2042786002359,Za mořem,Cihlářská 643/19
201,16.6036449001767,49.2042786002359,V té vodě něco je,Cihlářská 643/19
202,16.6175242719649,49.198936602833,Mezipatra &#8211; zapoj se!,"Bratislavská 26/210, 602 00 Brno"
203,16.5930574999685,49.2274928997419,LUBOŠ POSPÍŠIL &amp; 5P – 70LET,"Palackého tř. 832, Brno-Brno-Královo Pole, Česko"
204,16.611048200300697,49.198234900215304,BOHUSLAV MARTINŮ &#8211; ŘECKÉ PAŠIJE,"Rooseveltova 31/7, Brno-město, 602 00 Brno, Česko"
205,16.6033136841449,49.197529278175296,KOSTELNÍ PÍSNĚ ZE ZNOROV,"Červený kostel, 602 00 Brno-střed, Česko"
206,16.611048200300697,49.198234900215304,Řecké pašije,"Rooseveltova 31/7, Brno-město, 602 00 Brno, Česko"
207,16.6036449001767,49.2042786002359,Země medu,Cihlářská 643/19
208,16.6243247989401,49.202289581070296,Mezinárodní komiksový festival KOMA,"Bratislavská 249/68, 602 00 Brno-střed"
209,16.6156741000091,49.187923499834994,Jiří Kovanda / O deset minut dřív,"Ve Vaňkovce, Trnitá, Brno-Brno-střed, Česko"
210,16.6156741000091,49.187923499834994,Karel Adamus / Minimální metafory,"Ve Vaňkovce, Trnitá, Brno-Brno-střed, Česko"
211,16.6156741000091,49.187923499834994,Tomáš Absolon / RAFA MATA,"Ve Vaňkovce, Trnitá, Brno-Brno-střed, Česko"
212,16.578600000311102,49.16589999976149,Milena Fucimanová: Hnízda v octu,"Lány 3, Brno"
213,16.6036449001767,49.2042786002359,Válka umění,Cihlářská 643/19
214,16.6175242719649,49.198936602833,Ahoj robote!,"Bratislavská 26/210, 602 00 Brno"
215,16.613695800446,49.1959064001515,Brno Contemporary Orchestra,"Malinovského náměstí 1, Brno-město, Brno, Česko"
216,16.6036449001767,49.2042786002359,Mai Khoi &amp; The Dissidents,Cihlářská 643/19
217,16.6035172801175,49.1868201843655,Milena Fucimanová: Hnízda v octu,"Nové sady 32a, Brno"
218,16.6036449001767,49.2042786002359,Mládenecký byt,Cihlářská 643/19
219,16.613695800446,49.1959064001515,PhilHarmonia Octet Prague,"Malinovského náměstí 1, Brno-město, Brno, Česko"
220,16.6036449001767,49.2042786002359,Psí láska,Cihlářská 643/19
221,16.5136223674774,49.233025633755204,Vokolo priglu,"Brno-Bystrc 16, 635 00 Brno, Česko"
222,16.6068371003697,49.195060199786205,Open House Brno 2020,Brno
223,16.608123000071398,49.1950509997518,Neobyčejné příběhy &#8211; Fotografická výstava,
224,16.6033510998748,49.1971104997107,KOMPONOVANÝ POŘAD POSLUCHAČŮ HF JAMU,"Komenského náměstí, Brno-Brno-střed, Česko"
225,16.6069336593813,49.1955299446235,Tematické prohlídky: Knihkupectví Barvič a Novotný a dívčí škola Vesna,"Česká 2-6, 602 00 Brno-střed, Česko"
226,16.6094269999277,49.192119700187504,DĚTSKÝ SBOR BRNO,"Zelný trh 313/4, Brno-město, Brno, Česko"
227,16.6094269999277,49.192119700187504,Přímý přenos z Metropolitní opery New York,"Zelný trh 313/4, Brno-město, Brno, Česko"
228,16.611048200300697,49.198234900215304,RICHARD STRAUSS &#8211; SALOME,"Rooseveltova 31/7, Brno-město, 602 00 Brno, Česko"
229,16.608259599690097,49.201543000172606,Ráj,"Lidická 1863/16, Černá Pole, 602 00 Brno, Česko"
230,16.6006735139653,49.2010288486508,Produktová a reklamní fotografie,"Smetanova 3, Brno, 602 00"
231,16.6094269999277,49.192119700187504,Pavel Haas Quartet,"Zelný trh 313/4, Brno-město, Brno, Česko"
232,16.616065200432697,49.2071644997234,RECITÁL TOMÁŠE KRÁLE A MATANA PORATA,Černopolní 45 613 00 Brno
233,16.5945269892631,49.191896071919096,GLAGOLSKÁ MŠE / VĚČNÉ EVANGELIUM,"Mendlovo nám. 470/2A, Staré Brno, 603 00 Brno-Brno-střed, Česko"
234,16.5888674969719,49.209569954661795,Lucie Bílá se skupinou Petra Maláska,"Veveří 2209/117, 616 00 Brno-Brno-Žabovřesky, Česko"
235,16.611048200300697,49.198234900215304,Krok za oponu k opeře Osud,"Rooseveltova 31/7, Brno-město, 602 00 Brno, Česko"
236,16.6094269999277,49.192119700187504,KLAVÍRNÍ RECITÁL JANA BARTOŠE,"Zelný trh 313/4, Brno-město, Brno, Česko"
237,16.5930574999685,49.2274928997419,Chlap na zabití,"Palackého tř. 832, Brno-Brno-Královo Pole, Česko"
238,16.6036449001767,49.2042786002359,Brněnská 16,Cihlářská 643/19
239,16.608123000071398,49.1950509997518,46. MFF Ekofilm,
240,16.6036449001767,49.2042786002359,Mezinárodní festival krátkých filmů BRNO16,Cihlářská 643/19
241,16.6175242719649,49.198936602833,S dobrovolnictvím po celém světě!,"Bratislavská 26/210, 602 00 Brno"
242,16.611048200300697,49.198234900215304,LEOŠ JANÁČEK &#8211; OSUD REPRÍZA,"Rooseveltova 31/7, Brno-město, 602 00 Brno, Česko"
243,16.611048200300697,49.198234900215304,LEOŠ JANÁČEK Osud (repríza) – Live stream Opera Vision,"Rooseveltova 31/7, Brno-město, Brno, Česko"
244,16.609874816385,49.2046542977816,Hazafele,Lužánecká
245,16.609615399999,49.195224000265505,Milena Fucimanová: Hnízda v octu,"Kobližná 4, Brno, Česko"
246,16.6117003996549,49.1938174000606,S.A.M.P.O. – KOMORNÍ OPERA HF JAMU PREMIÉRA,"Orlí 469/17, Brno-město, Brno, Česko"
247,16.6125059998185,49.195622700094006,7krát3 / Hellwana,"Sukova 4, Brno-město, Brno, Česko"
248,16.608123000071398,49.1950509997518,Groove Brno,
249,16.6117003996549,49.1938174000606,S.A.M.P.O. – KOMORNÍ OPERA HF JAMU,"Orlí 469/17, Brno-město, Brno, Česko"
250,16.6301058629336,49.209546853337,"Garage &#038; Tony Ducháček, Víčko, 301 Na Musilce","MUSILOVA 2, BRNO - HUSOVICE"
251,16.611048200300697,49.198234900215304,Bamberští Symfonikové,"Rooseveltova 31/7, Brno-město, 602 00 Brno, Česko"
252,16.613695800446,49.1959064001515,"Koncerty v NdB &#8211; Janek Ledecký, Lenka Filipová, Progres 2, Bára Poláková, Stromboli&#8230;","Malinovského náměstí 1, Brno-město, Brno, Česko"
253,16.6146402855425,49.18778381238871,Půl roku na cestě a jak se z toho nepodělat (Brno),"Ve Vaňkovce 1, 602 00 Brno"
254,16.611779331025602,49.1930927253839,Hausopera: Věčná slečna Bledá a Hra o Malinu,"Josefská 4, Brno"
255,16.606585979027,49.20649526910271,Astrovíkend,"Lidická 1880, 602 00 Brno-střed-Černá Pole, Česko"
256,16.6073642030323,49.198737374976595,Tematické prohlídky: Od Moravského po Konečného náměstí,"Moravské nám. 1/1, Brno-město, 602 00 Brno-Brno-střed, Česko"
257,16.611048200300697,49.198234900215304,Labutí jezero,"Rooseveltova 31/7, Brno-město, 602 00 Brno, Česko"
258,16.598765900137,49.1976972998497,Dýňová slavnost v Otevřené zahradě,"Údolní 33, Brno-město, Brno-Brno-střed, Česko"
259,16.6073642030323,49.198737374976595,Tematické prohlídky: Hrnem sošným Brnem,"Moravské nám. 1/1, Brno-město, 602 00 Brno-Brno-střed, Česko"
260,16.6038668406457,49.191558612475994,Zasaď si!,Kopečná 46
261,16.5930574999685,49.2274928997419,Nalevo od výtahu,"Palackého tř. 832, Brno-Brno-Královo Pole, Česko"
262,16.608123000071398,49.1950509997518,DIXIT DOMINUS,
263,16.6094269999277,49.192119700187504,Kocour v botách,"Zelný trh 313/4, Brno-město, Brno, Česko"
264,16.613695800446,49.1959064001515,Majitelé klíčů,"Malinovského náměstí 1, Brno-město, Brno, Česko"
265,16.6175242719649,49.198936602833,Příběh oblečení aneb co na sebe,"Bratislavská 26/210, 602 00 Brno"
266,16.609615399999,49.195224000265505,"Agadir: Na strunách naděje, Oleg Sencov","Kobližná 4, Brno, Česko"
267,16.6125059998185,49.195622700094006,Oldřich Janota / Martin E. Kyšperský,"Sukova 4, Brno-město, Brno, Česko"
268,16.608259599690097,49.201543000172606,Bella Figura,"Lidická 1863/16, Černá Pole, 602 00 Brno, Česko"
269,16.609874816385,49.2046542977816,Odloženo na říjen! Urband,Lužánecká
270,16.5971827182634,49.171402191847,Tematické prohlídky: Ústřední hřbitov,"Ústřední hřbitov, 639 00 Brno-střed, Česko"
271,16.613695800446,49.1959064001515,Marie Stuartovna,"Malinovského náměstí 1, Brno-město, Brno, Česko"
272,16.608259599690097,49.201543000172606,Santiniho jazyk,"Lidická 1863/16, Černá Pole, 602 00 Brno, Česko"
273,16.608061900259,49.212292500239805,Dalibor Janda &#8211; Megakoncert &#8211; 40 let na hudební scéně,"Sportovní 2A, Brno-Královo Pole-Ponava, Česko"
274,16.6042211002611,49.195438199848006,Cena prof. Jindřicha Halabaly 2020,"Husova 18, Brno-město, Brno, Česko"
275,16.6033510998748,49.1971104997107,Tematické prohlídky: Sokol a vznik ČSR v Brně,"Komenského náměstí, Brno-Brno-střed, Česko"
276,16.5747106077446,49.1882493896854,Libuše,"Bauerova 491/10, Pisárky, 603 00 Brno-Brno-střed, Česko"
277,16.60883810036,49.193116099747,Tematické prohlídky: Brno před sto lety,"Radnická 8, Brno-Brno-střed, Česko"
278,16.5930574999685,49.2274928997419,Pražský Výběr,"Palackého tř. 832, Brno-Brno-Královo Pole, Česko"
279,16.6094269999277,49.192119700187504,##T#€£#%# Stand-up Terezy Groszmannové,"Zelný trh 313/4, Brno-město, Brno, Česko"
280,16.608259599690097,49.201543000172606,Pretty Woman,"Lidická 1863/16, Černá Pole, 602 00 Brno, Česko"
281,16.613695800446,49.1959064001515,Rychlé šípy,"Malinovského náměstí 1, Brno-město, Brno, Česko"
282,16.6208124158236,49.1902375163424,Gamer Pie &#8211; Herní festival,"Cyrilská 5, 602 00 Brno-střed, Česko"
283,16.5821456911617,49.1877622796593,Tematické prohlídky: Perly z BVV,"Výstaviště 405/1, 603 00 Brno-Brno-střed, Česko"
284,16.6088168525086,49.18825753769671,Deafland &#8211; 4. Filmový festival neslyšících,Hybešova 1
285,16.613695800446,49.1959064001515,Kdo je pan Schmitt?,"Malinovského náměstí 1, Brno-město, Brno, Česko"
286,16.60883810036,49.193116099747,Tematické prohlídky: Všichni brněnští svatí,"Radnická 8, Brno-Brno-střed, Česko"
287,16.613695800446,49.1959064001515,Nápoj lásky,"Malinovského náměstí 1, Brno-město, Brno, Česko"
288,16.6020530001533,49.1854489001089,Smokie &#8211; The Symphony Tour 2020,"Křídlovická 911/34, Brno-střed-Staré Brno, Česko"
289,16.5822699003177,49.187726900205,"Life! Festival sportu, tance a zábavy","Výstaviště 405/1, Pisárky, Brno, Česko"
290,16.611048200300697,49.198234900215304,Hoffmannovy povídky,"Rooseveltova 31/7, Brno-město, 602 00 Brno, Česko"
291,16.613695800446,49.1959064001515,Pera markýze de Sade,"Malinovského náměstí 1, Brno-město, Brno, Česko"
292,16.6125059998185,49.195622700094006,V0nt / Vole,"Sukova 4, Brno-město, Brno, Česko"
293,16.6006735139653,49.2010288486508,Kurz fotografování nemovitostí,"Smetanova 3, Brno, 602 00"
294,16.6087271000319,49.192579000283295,Tematické prohlídky: Kde v Brně složit hlavu?,"Zelný trh, Brno-město, Brno, Česko"
295,16.6064788046237,49.1932092348742,Srdce za polárním kruhem: o cestě za polární září,"Dominikánská 9, Brno"
296,16.6080987455587,49.1950392155807,Vin(n)osti svatého Martina,"nám. Svobody 19, 602 00 Brno-střed, Česko"
297,16.611048200300697,49.198234900215304,Beethoven,"Rooseveltova 31/7, Brno-město, 602 00 Brno, Česko"
298,16.608123000071398,49.1950509997518,Brněnská muzejní noc,
299,16.608123000071398,49.1950509997518,Mezipatra,
300,16.608123000071398,49.1950509997518,FUX KAISERREQUIEM,
301,16.5821456911617,49.1877622796593,Veletrh SALIMA,"Výstaviště 405/1, 603 00 Brno-Brno-střed, Česko"
302,16.6094269999277,49.192119700187504,Nikdo,"Zelný trh 313/4, Brno-město, Brno, Česko"
303,16.5821456911617,49.1877622796593,Festival chutí,"Výstaviště 405/1, 603 00 Brno-Brno-střed, Česko"
304,16.6042211002611,49.195438199848006,Nejkrásnější české knihy roku 2019,"Husova 18, Brno-město, Brno, Česko"
305,16.629754520147902,49.2097524015788,Nejúspěšnější česká travesti skupina míří do Brna!,"Musilova 1540, 614 00 Brno-sever-Husovice"
306,16.6089086001435,49.197552399790105,Kouzelná školka &#8211; Michal k snídani,"Moravské nám. 127/3, Brno-město, Brno, Česko"
307,16.5930574999685,49.2274928997419,Když se zhasne,"Palackého tř. 832, Brno-Brno-Královo Pole, Česko"
308,16.6125059998185,49.195622700094006,Black Tar Jesus / Tamara,"Sukova 4, Brno-město, Brno, Česko"
309,16.611048200300697,49.198234900215304,OSUD REPRÍZA PŘEDSTAVENÍ,"Rooseveltova 31/7, Brno-město, Brno, Česko"
310,16.5930574999685,49.2274928997419,Osm eur na hodinu,"Palackého tř. 832, Brno-Brno-Královo Pole, Česko"
311,16.611048200300697,49.198234900215304,OSUD REPRÍZA PŘEDSTAVENÍ,"Rooseveltova 31/7, Brno-město, 602 00 Brno, Česko"
312,16.5930574999685,49.2274928997419,Jiři Kolbaba &#8211; fotograf na cestách,"Palackého tř. 832, Brno-Brno-Královo Pole, Česko"
313,16.6094269999277,49.192119700187504,Papageno hraje na kouzelnou flétnu,"Zelný trh 313/4, Brno-město, Brno, Česko"
314,16.611048200300697,49.198234900215304,Louskáček,"Rooseveltova 31/7, Brno-město, 602 00 Brno, Česko"
315,16.5930574999685,49.2274928997419,Laďa Kerndl &#8211; Narozeninový koncert &amp; Křest nového alba,"Palackého tř. 832, Brno-Brno-Královo Pole, Česko"
316,16.611048200300697,49.198234900215304,Půjdem spolu do Betléma,"Rooseveltova 31/7, Brno-město, 602 00 Brno, Česko"
317,16.6006735139653,49.2010288486508,Fotografování vánočních trhů,"Smetanova 3, Brno, 602 00"
318,16.613695800446,49.1959064001515,Racek,"Malinovského náměstí 1, Brno-město, Brno, Česko"
319,16.608123000071398,49.1950509997518,HARMONIA PASTORALIS,
320,16.611048200300697,49.198234900215304,Hry o Marii,"Rooseveltova 31/7, Brno-město, 602 00 Brno, Česko"
321,16.613695800446,49.1959064001515,Slavnostní rozsvícení vánočního stromu NdB,"Malinovského náměstí 1, Brno-město, Brno, Česko"
322,16.611048200300697,49.198234900215304,Silvestr s NdB,"Rooseveltova 31/7, Brno-město, 602 00 Brno, Česko"
323,16.613695800446,49.1959064001515,Čert a Káča,"Malinovského náměstí 1, Brno-město, Brno, Česko"
324,16.6094269999277,49.192119700187504,Sňatky na železnici,"Zelný trh 313/4, Brno-město, Brno, Česko"
325,16.5888674969719,49.209569954661795,Formidable! Aznavour /FR/,"Veveří 2209/117, 616 00 Brno-Brno-Žabovřesky, Česko"
326,16.5930574999685,49.2274928997419,Hexenšus,"Palackého tř. 832, Brno-Brno-Královo Pole, Česko"
327,16.613695800446,49.1959064001515,4 Elements,"Malinovského náměstí 1, Brno-město, Brno, Česko"
328,16.613695800446,49.1959064001515,Galakoncert &#8211; Charity Awards Gala,"Malinovského náměstí 1, Brno-město, Brno, Česko"
329,16.611048200300697,49.198234900215304,Evžen Oněgin,"Rooseveltova 31/7, Brno-město, 602 00 Brno, Česko"
330,16.5888674969719,49.209569954661795,Pasión de Buena Vista,"Veveří 2209/117, 616 00 Brno-Brno-Žabovřesky, Česko"
331,16.608123000071398,49.1950509997518,ALEXANDER’S FEAST,
332,16.594998514955698,49.188818474385,Nick Steed &#8211; THR33 &#8211; Czech Republic,Křídlovická 1 60300 Brno
333,16.611048200300697,49.198234900215304,Růžový kavalír,"Rooseveltova 31/7, Brno-město, 602 00 Brno, Česko"
334,16.6020530001533,49.1854489001089,Chinaski Tour,"Křídlovická 911/34, Brno-střed-Staré Brno, Česko"
335,16.613695800446,49.1959064001515,Nebesa,"Malinovského náměstí 1, Brno-město, Brno, Česko"
336,16.613695800446,49.1959064001515,Dobové tance,"Malinovského náměstí 1, Brno-město, Brno, Česko"
337,16.611048200300697,49.198234900215304,Stabat Mater,"Rooseveltova 31/7, Brno-město, 602 00 Brno, Česko"
338,16.608123000071398,49.1950509997518,SBOROVÝ KONCERT,
339,16.613695800446,49.1959064001515,Lazebník sevillský,"Malinovského náměstí 1, Brno-město, Brno, Česko"
340,16.611048200300697,49.198234900215304,Romeo a Julie,"Rooseveltova 31/7, Brno-město, 602 00 Brno, Česko"
341,16.6094269999277,49.192119700187504,Doktorka,"Zelný trh 313/4, Brno-město, Brno, Česko"
342,16.611048200300697,49.198234900215304,Aida,"Rooseveltova 31/7, Brno-město, 602 00 Brno, Česko"
343,16.611048200300697,49.198234900215304,Svěcení jara / Carmina Burana,"Rooseveltova 31/7, Brno-město, 602 00 Brno, Česko"
344,16.611048200300697,49.198234900215304,Nabucco,"Rooseveltova 31/7, Brno-město, 602 00 Brno, Česko"
345,16.613695800446,49.1959064001515,Kdo se bojí Virginie Woolfové?,"Malinovského náměstí 1, Brno-město, Brno, Česko"
346,16.613695800446,49.1959064001515,Spící krasavice,"Malinovského náměstí 1, Brno-město, Brno, Česko"
347,16.608018322086302,49.1977396463755,Tmavomodrý festival,"Moravské nám. 680/1A, 602 00 Brno-střed-Brno-město, Česko"
348,16.608123000071398,49.1950509997518,TŮMA: REQUIEM,
349,16.5821456911617,49.1877622796593,Animefest.CZ,"Výstaviště 405/1, 603 00 Brno-Brno-střed, Česko"
350,16.5888674969719,49.209569954661795,Bee Gees The Show z West Endu,"Veveří 2209/117, 616 00 Brno-Brno-Žabovřesky, Česko"
351,16.6094269999277,49.192119700187504,Ohnivá země,"Zelný trh 313/4, Brno-město, Brno, Česko"
352,16.611048200300697,49.198234900215304,Sněhurka a sedm trpaslíků,"Rooseveltova 31/7, Brno-město, 602 00 Brno, Česko"
353,16.611048200300697,49.198234900215304,La bohème,"Rooseveltova 31/7, Brno-město, 602 00 Brno, Česko"
354,16.5798280538984,49.1847009769956,OCB PŘEKONÁNÍ GRAVITACE,"Křížkovského 22, 603 00"
355,16.613695800446,49.1959064001515,Leopoldstadt,"Malinovského náměstí 1, Brno-město, Brno, Česko"
356,16.5888674969719,49.209569954661795,The Backbeat Beatles v Sono Centru,"Veveří 2209/117, 616 00 Brno-Brno-Žabovřesky, Česko"
357,16.5888674969719,49.209569954661795,Creedence Clearwater Revived,"Veveří 2209/117, 616 00 Brno-Brno-Žabovřesky, Česko"
